,ID,Age,Status_num,Education_num,Income,Num_of_kids,Num_of_Teen,Responded,Num_Web_Purchases,Num_Store_Purchases,Num_Deals_Purchases,Num_Catalog_Purchases,Num_Web_Visits,Mnt_Products,Complain,Cost_Contact,Revenue,Mnt_Products,Mnt_Fruits,Mnt_Meat,Mnt_sweet,Mnt_Wines,Mnt_Gold_Products,Mnt_Fish
0,5430,66.0,5,2,54450.0,1.0,1.0,0,12.0,9.0,2.0,8.0,16.0,684.0,0.0,3.0,11.0,684.0,454.0,0.0,171.0,8.0,19.0,32.0
1,8996,65.0,4,5,55212.0,2.0,1.0,0,12.0,7.0,2.0,8.0,18.0,603.0,0.0,3.0,11.0,603.0,230.0,42.0,192.0,49.0,37.0,53.0
2,8432,66.0,5,2,54450.0,1.0,1.0,0,12.0,9.0,2.0,8.0,16.0,684.0,0.0,3.0,11.0,684.0,454.0,0.0,171.0,8.0,19.0,32.0
3,6566,68.0,4,5,72550.0,1.0,1.0,0,9.0,5.0,2.0,12.0,16.0,1319.0,0.0,3.0,11.0,1319.0,826.0,50.0,317.0,50.0,38.0,38.0
4,2552,67.0,2,5,55521.0,1.0,2.0,1,9.0,6.0,3.0,6.0,14.0,446.0,0.0,3.0,11.0,446.0,416.0,0.0,26.0,0.0,0.0,4.0
5,1165,64.0,2,5,50729.0,1.0,1.0,0,9.0,6.0,2.0,7.0,12.0,496.0,0.0,3.0,11.0,496.0,239.0,13.0,143.0,45.0,4.0,52.0
6,9967,48.0,3,2,53034.0,1.0,1.0,0,8.0,6.0,1.0,7.0,16.0,447.0,0.0,3.0,11.0,447.0,160.0,15.0,196.0,15.0,11.0,50.0
7,4095,51.0,4,2,37150.0,1.0,0.0,0,8.0,4.0,3.0,6.0,14.0,467.0,0.0,3.0,11.0,467.0,167.0,37.0,64.0,49.0,34.0,116.0
8,6575,41.0,5,2,56386.0,1.0,1.0,0,8.0,9.0,1.0,7.0,18.0,612.0,0.0,3.0,11.0,612.0,230.0,48.0,214.0,13.0,32.0,75.0
9,2849,43.0,2,2,60474.0,0.0,1.0,0,7.0,10.0,2.0,12.0,14.0,877.0,0.0,3.0,11.0,877.0,265.0,199.0,0.0,234.0,9.0,170.0
10,4148,50.0,4,2,38988.0,1.0,2.0,0,7.0,5.0,1.0,6.0,16.0,348.0,0.0,3.0,11.0,348.0,164.0,24.0,103.0,12.0,3.0,42.0
11,7187,53.0,5,3,54730.0,1.0,1.0,0,7.0,4.0,10.0,4.0,6.0,721.0,0.0,3.0,11.0,721.0,375.0,42.0,48.0,94.0,66.0,96.0
12,4299,62.0,5,2,70971.0,0.0,1.0,0,7.0,11.0,11.0,5.0,14.0,1825.0,0.0,3.0,11.0,1825.0,1001.0,17.0,572.0,93.0,125.0,17.0
13,5892,42.0,4,2,34968.0,1.0,0.0,0,7.0,3.0,2.0,5.0,14.0,221.0,0.0,3.0,11.0,221.0,158.0,6.0,45.0,8.0,2.0,2.0
14,1600,57.0,4,3,56962.0,2.0,1.0,0,7.0,6.0,3.0,5.0,14.0,411.0,0.0,3.0,11.0,411.0,292.0,3.0,77.0,10.0,3.0,26.0
15,5837,55.0,4,2,51479.0,1.0,1.0,0,7.0,6.0,3.0,6.0,14.0,494.0,0.0,3.0,11.0,494.0,247.0,8.0,160.0,6.0,8.0,65.0
16,4769,45.0,5,3,57954.0,1.0,1.0,1,7.0,8.0,2.0,6.0,14.0,493.0,0.0,3.0,11.0,493.0,456.0,4.0,24.0,0.0,0.0,9.0
17,4599,46.0,4,3,49681.0,0.0,2.0,0,6.0,7.0,1.0,7.0,14.0,458.0,0.0,3.0,11.0,458.0,411.0,0.0,26.0,0.0,0.0,21.0
18,4271,33.0,5,4,38683.0,1.0,0.0,0,6.0,4.0,1.0,6.0,14.0,341.0,0.0,3.0,11.0,341.0,46.0,35.0,69.0,84.0,41.0,66.0
19,8870,38.0,5,2,35196.0,1.0,0.0,0,6.0,6.0,1.0,5.0,16.0,497.0,0.0,3.0,11.0,497.0,75.0,12.0,141.0,43.0,39.0,187.0
20,8216,50.0,4,3,53761.0,1.0,1.0,0,6.0,4.0,4.0,3.0,10.0,325.0,0.0,3.0,11.0,325.0,158.0,0.0,76.0,13.0,7.0,71.0
21,3340,45.0,4,2,42014.0,1.0,0.0,0,6.0,7.0,1.0,6.0,16.0,436.0,0.0,3.0,11.0,436.0,244.0,15.0,108.0,4.0,15.0,50.0
22,3281,62.0,4,5,49154.0,1.0,1.0,0,6.0,4.0,1.0,8.0,12.0,411.0,0.0,3.0,11.0,411.0,206.0,10.0,67.0,30.0,27.0,71.0
23,2607,69.0,2,2,40464.0,0.0,1.0,0,6.0,8.0,2.0,8.0,16.0,630.0,0.0,3.0,11.0,630.0,424.0,17.0,118.0,7.0,23.0,41.0
24,5675,62.0,3,5,50611.0,0.0,1.0,1,6.0,4.0,5.0,7.0,12.0,493.0,0.0,3.0,11.0,493.0,459.0,0.0,24.0,6.0,0.0,4.0
25,6613,52.0,4,3,44511.0,1.0,0.0,0,6.0,8.0,4.0,8.0,16.0,727.0,0.0,3.0,11.0,727.0,513.0,7.0,133.0,46.0,14.0,14.0
26,1343,54.0,5,2,58554.0,1.0,1.0,0,6.0,8.0,2.0,6.0,14.0,586.0,0.0,3.0,11.0,586.0,368.0,24.0,68.0,38.0,0.0,88.0
27,11112,56.0,5,2,70713.0,0.0,1.0,0,6.0,5.0,6.0,8.0,6.0,1477.0,0.0,3.0,11.0,1477.0,736.0,114.0,279.0,82.0,76.0,190.0
28,879,46.0,4,3,49681.0,0.0,2.0,0,6.0,7.0,1.0,7.0,14.0,458.0,0.0,3.0,11.0,458.0,411.0,0.0,26.0,0.0,0.0,21.0
29,7373,70.0,3,5,46610.0,0.0,2.0,0,6.0,4.0,1.0,6.0,12.0,302.0,0.0,3.0,11.0,302.0,96.0,12.0,96.0,33.0,22.0,43.0
30,1378,50.0,5,4,50334.0,0.0,1.0,0,6.0,7.0,4.0,6.0,12.0,534.0,0.0,3.0,11.0,534.0,284.0,16.0,0.0,84.0,16.0,134.0
31,3933,42.0,5,2,44010.0,1.0,0.0,0,6.0,10.0,2.0,6.0,18.0,662.0,0.0,3.0,11.0,662.0,186.0,36.0,234.0,86.0,72.0,48.0
32,7108,57.0,6,3,51390.0,1.0,1.0,0,6.0,5.0,2.0,5.0,10.0,353.0,0.0,3.0,11.0,353.0,205.0,20.0,47.0,23.0,2.0,56.0
33,3050,56.0,4,2,54198.0,1.0,1.0,0,6.0,3.0,1.0,6.0,8.0,235.0,0.0,3.0,11.0,235.0,185.0,0.0,28.0,3.0,2.0,17.0
34,273,52.0,4,3,36138.0,1.0,1.0,1,5.0,3.0,1.0,4.0,14.0,151.0,0.0,3.0,11.0,151.0,130.0,0.0,16.0,0.0,0.0,5.0
35,10862,62.0,4,3,30522.0,0.0,1.0,0,5.0,1.0,2.0,9.0,4.0,326.0,0.0,3.0,11.0,326.0,179.0,8.0,83.0,19.0,11.0,26.0
36,8985,58.0,5,4,68316.0,0.0,1.0,0,5.0,10.0,7.0,10.0,12.0,1211.0,0.0,3.0,11.0,1211.0,806.0,80.0,161.0,120.0,11.0,33.0
37,3388,55.0,3,2,70844.0,1.0,1.0,0,5.0,6.0,1.0,5.0,14.0,294.0,0.0,3.0,11.0,294.0,129.0,26.0,67.0,3.0,67.0,2.0
38,1135,62.0,5,3,17144.0,1.0,1.0,0,5.0,3.0,0.0,4.0,14.0,47.0,0.0,3.0,11.0,47.0,18.0,2.0,19.0,0.0,2.0,6.0
39,7143,67.0,5,4,74805.0,0.0,1.0,0,5.0,4.0,7.0,10.0,4.0,820.0,0.0,3.0,11.0,820.0,209.0,162.0,209.0,41.0,162.0,37.0
40,975,66.0,2,2,54252.0,1.0,1.0,0,5.0,4.0,1.0,5.0,12.0,264.0,0.0,3.0,11.0,264.0,178.0,4.0,26.0,8.0,4.0,44.0
41,1907,72.0,3,3,63120.0,0.0,1.0,0,5.0,8.0,4.0,9.0,14.0,1477.0,0.0,3.0,11.0,1477.0,965.0,69.0,279.0,54.0,41.0,69.0
43,6661,48.0,4,2,67445.0,0.0,1.0,0,5.0,9.0,6.0,12.0,12.0,1174.0,0.0,3.0,11.0,1174.0,757.0,80.0,217.0,29.0,80.0,11.0
44,10681,52.0,4,4,62466.0,0.0,1.0,0,5.0,6.0,3.0,12.0,8.0,889.0,0.0,3.0,11.0,889.0,129.0,129.0,259.0,168.0,121.0,83.0
45,4480,49.0,4,3,60432.0,0.0,1.0,0,5.0,7.0,2.0,5.0,12.0,401.0,0.0,3.0,11.0,401.0,365.0,3.0,15.0,4.0,3.0,11.0
46,7378,41.0,5,3,42021.0,1.0,0.0,1,5.0,10.0,1.0,6.0,18.0,573.0,0.0,3.0,11.0,573.0,393.0,5.0,136.0,7.0,5.0,27.0
47,5621,53.0,4,2,48752.0,1.0,1.0,0,5.0,6.0,1.0,5.0,18.0,316.0,0.0,3.0,11.0,316.0,73.0,57.0,100.0,71.0,15.0,0.0
48,7124,54.0,3,2,36997.0,1.0,1.0,0,5.0,2.0,1.0,4.0,10.0,94.0,0.0,3.0,11.0,94.0,43.0,4.0,12.0,8.0,0.0,27.0
49,5324,41.0,4,5,58293.0,1.0,0.0,0,5.0,5.0,3.0,6.0,10.0,422.0,0.0,3.0,11.0,422.0,173.0,43.0,118.0,46.0,27.0,15.0
50,5156,52.0,4,4,62466.0,0.0,1.0,0,5.0,6.0,3.0,12.0,8.0,889.0,0.0,3.0,11.0,889.0,129.0,129.0,259.0,168.0,121.0,83.0
51,675,49.0,3,3,52034.0,1.0,1.0,0,5.0,4.0,2.0,5.0,14.0,332.0,0.0,3.0,11.0,332.0,146.0,0.0,93.0,7.0,13.0,73.0
52,5966,48.0,4,5,45207.0,1.0,1.0,1,5.0,3.0,1.0,6.0,12.0,215.0,0.0,3.0,11.0,215.0,203.0,0.0,10.0,0.0,0.0,2.0
53,6374,68.0,4,5,36930.0,0.0,1.0,0,5.0,5.0,2.0,4.0,16.0,297.0,0.0,3.0,11.0,297.0,223.0,2.0,31.0,0.0,2.0,39.0
54,2456,47.0,4,5,40233.0,0.0,1.0,0,5.0,2.0,1.0,5.0,12.0,149.0,0.0,3.0,11.0,149.0,80.0,4.0,46.0,0.0,17.0,2.0
55,24,62.0,5,3,17144.0,1.0,1.0,0,5.0,3.0,0.0,4.0,14.0,47.0,0.0,3.0,11.0,47.0,18.0,2.0,19.0,0.0,2.0,6.0
56,5462,48.0,4,2,67445.0,0.0,1.0,0,5.0,9.0,6.0,12.0,12.0,1174.0,0.0,3.0,11.0,1174.0,757.0,80.0,217.0,29.0,80.0,11.0
57,8210,47.0,4,3,54730.0,0.0,1.0,0,5.0,4.0,1.0,8.0,8.0,405.0,0.0,3.0,11.0,405.0,318.0,3.0,17.0,4.0,7.0,56.0
58,9703,52.0,4,5,38097.0,1.0,1.0,1,4.0,3.0,2.0,2.0,14.0,184.0,0.0,3.0,11.0,184.0,77.0,2.0,35.0,0.0,1.0,69.0
59,7297,49.0,2,2,7500.0,1.0,0.0,0,4.0,3.0,1.0,3.0,14.0,57.0,0.0,3.0,11.0,57.0,5.0,3.0,10.0,12.0,7.0,20.0
60,1000,61.0,5,3,74881.0,1.0,1.0,0,4.0,9.0,2.0,12.0,10.0,964.0,0.0,3.0,11.0,964.0,505.0,72.0,270.0,36.0,27.0,54.0
61,2134,70.0,2,2,53700.0,0.0,1.0,0,4.0,5.0,5.0,8.0,10.0,694.0,0.0,3.0,11.0,694.0,263.0,5.0,233.0,69.0,41.0,83.0
62,10524,59.0,3,3,49476.0,0.0,1.0,0,4.0,2.0,11.0,5.0,4.0,795.0,0.0,3.0,11.0,795.0,386.0,23.0,95.0,54.0,41.0,196.0
63,2157,50.0,5,2,26290.0,1.0,1.0,0,4.0,2.0,0.0,4.0,12.0,77.0,0.0,3.0,11.0,77.0,15.0,8.0,16.0,11.0,5.0,22.0
64,9256,51.0,2,2,58350.0,0.0,1.0,0,4.0,8.0,3.0,12.0,12.0,1001.0,0.0,3.0,11.0,1001.0,493.0,26.0,206.0,116.0,80.0,80.0
65,1272,57.0,2,3,55250.0,0.0,1.0,0,4.0,7.0,5.0,10.0,10.0,903.0,0.0,3.0,11.0,903.0,664.0,58.0,83.0,32.0,0.0,66.0
66,10613,64.0,5,5,37334.0,1.0,1.0,0,4.0,3.0,0.0,4.0,8.0,62.0,0.0,3.0,11.0,62.0,26.0,1.0,16.0,2.0,2.0,15.0
67,5092,73.0,6,5,51569.0,0.0,1.0,1,4.0,7.0,1.0,7.0,16.0,467.0,0.0,3.0,11.0,467.0,380.0,0.0,47.0,6.0,0.0,34.0
68,2804,47.0,2,3,46098.0,1.0,1.0,0,4.0,3.0,2.0,2.0,16.0,120.0,0.0,3.0,11.0,120.0,57.0,0.0,27.0,0.0,0.0,36.0
69,347,46.0,3,2,40780.0,0.0,1.0,0,4.0,7.0,1.0,5.0,18.0,377.0,0.0,3.0,11.0,377.0,229.0,27.0,71.0,13.0,3.0,34.0
70,6295,45.0,4,2,54233.0,0.0,1.0,0,4.0,11.0,6.0,5.0,16.0,981.0,0.0,3.0,11.0,981.0,652.0,8.0,158.0,21.0,0.0,142.0
71,3846,48.0,4,2,42557.0,0.0,1.0,0,4.0,6.0,1.0,4.0,16.0,270.0,0.0,3.0,11.0,270.0,192.0,5.0,53.0,0.0,5.0,15.0
72,213,59.0,2,5,23091.0,1.0,1.0,0,4.0,2.0,1.0,3.0,14.0,48.0,0.0,3.0,11.0,48.0,35.0,0.0,11.0,0.0,0.0,2.0
73,8588,61.0,4,2,60544.0,1.0,1.0,0,4.0,5.0,1.0,5.0,12.0,289.0,0.0,3.0,11.0,289.0,201.0,2.0,43.0,3.0,5.0,35.0
74,10001,37.0,5,4,7500.0,1.0,0.0,0,4.0,2.0,1.0,3.0,18.0,100.0,0.0,3.0,11.0,100.0,5.0,17.0,17.0,13.0,14.0,34.0
75,8858,50.0,4,5,55212.0,0.0,1.0,1,4.0,8.0,2.0,7.0,16.0,542.0,0.0,3.0,11.0,542.0,516.0,0.0,21.0,0.0,0.0,5.0
76,8534,70.0,4,2,67433.0,0.0,2.0,1,4.0,6.0,5.0,13.0,8.0,992.0,0.0,3.0,11.0,992.0,615.0,28.0,259.0,12.0,48.0,30.0
77,6312,63.0,4,2,65031.0,0.0,1.0,0,4.0,10.0,3.0,13.0,14.0,863.0,0.0,3.0,11.0,863.0,258.0,107.0,291.0,84.0,37.0,86.0
78,6376,43.0,2,2,57537.0,1.0,0.0,0,4.0,4.0,3.0,8.0,8.0,545.0,0.0,3.0,11.0,545.0,191.0,56.0,139.0,51.0,8.0,100.0
79,9426,58.0,2,3,58308.0,0.0,1.0,0,4.0,2.0,6.0,3.0,16.0,900.0,0.0,3.0,11.0,900.0,691.0,0.0,69.0,10.0,0.0,130.0
80,843,51.0,4,2,64722.0,1.0,0.0,0,4.0,8.0,2.0,11.0,12.0,805.0,0.0,3.0,11.0,805.0,303.0,0.0,280.0,60.0,147.0,15.0
81,3270,44.0,5,4,17117.0,1.0,0.0,0,4.0,3.0,1.0,3.0,18.0,128.0,0.0,3.0,11.0,128.0,12.0,23.0,38.0,30.0,18.0,7.0
82,7433,37.0,2,2,29760.0,1.0,0.0,0,4.0,3.0,1.0,4.0,16.0,165.0,0.0,3.0,11.0,165.0,64.0,4.0,68.0,7.0,5.0,17.0
83,2404,46.0,4,2,53359.0,1.0,1.0,0,4.0,5.0,1.0,4.0,14.0,257.0,0.0,3.0,11.0,257.0,173.0,4.0,30.0,3.0,6.0,41.0
84,3406,58.0,2,2,45989.0,0.0,1.0,0,4.0,3.0,2.0,7.0,6.0,322.0,0.0,3.0,11.0,322.0,138.0,33.0,87.0,28.0,24.0,12.0
85,10971,45.0,2,2,37774.0,2.0,0.0,1,4.0,7.0,2.0,3.0,18.0,473.0,1.0,3.0,11.0,473.0,173.0,8.0,107.0,7.0,2.0,176.0
86,837,45.0,4,2,54809.0,1.0,1.0,0,4.0,2.0,1.0,5.0,8.0,174.0,0.0,3.0,11.0,174.0,63.0,6.0,57.0,13.0,13.0,22.0
87,8969,45.0,4,2,71855.0,0.0,1.0,0,4.0,5.0,5.0,11.0,6.0,1141.0,0.0,3.0,11.0,1141.0,548.0,31.0,422.0,0.0,112.0,28.0
88,9648,55.0,2,2,46904.0,1.0,1.0,0,4.0,5.0,1.0,4.0,16.0,253.0,0.0,3.0,11.0,253.0,153.0,4.0,56.0,0.0,9.0,31.0
89,8779,37.0,4,4,36145.0,1.0,0.0,1,4.0,4.0,1.0,3.0,18.0,172.0,0.0,3.0,11.0,172.0,56.0,4.0,76.0,17.0,1.0,18.0
90,7476,58.0,2,3,63972.0,0.0,1.0,1,4.0,5.0,4.0,10.0,8.0,1269.0,0.0,3.0,11.0,1269.0,928.0,63.0,254.0,0.0,12.0,12.0
91,10703,47.0,2,3,46098.0,1.0,1.0,0,4.0,3.0,2.0,2.0,16.0,120.0,0.0,3.0,11.0,120.0,57.0,0.0,27.0,0.0,0.0,36.0
92,10262,42.0,4,2,15072.0,2.0,0.0,0,4.0,3.0,1.0,3.0,10.0,53.0,0.0,3.0,11.0,53.0,8.0,2.0,15.0,0.0,10.0,18.0
93,8310,58.0,5,2,68142.0,0.0,1.0,0,3.0,10.0,4.0,7.0,12.0,1459.0,0.0,3.0,11.0,1459.0,897.0,126.0,196.0,91.0,112.0,37.0
94,3799,67.0,4,2,67225.0,0.0,1.0,0,3.0,7.0,2.0,11.0,10.0,868.0,0.0,3.0,11.0,868.0,315.0,35.0,322.0,46.0,7.0,143.0
95,9579,63.0,4,5,33762.0,2.0,1.0,0,3.0,2.0,2.0,2.0,16.0,106.0,0.0,3.0,11.0,106.0,53.0,1.0,34.0,2.0,0.0,16.0
96,10872,53.0,4,5,55212.0,0.0,1.0,1,3.0,4.0,2.0,11.0,16.0,1182.0,0.0,3.0,11.0,1182.0,1103.0,0.0,45.0,0.0,0.0,34.0
97,10995,34.0,4,4,15716.0,1.0,0.0,0,3.0,3.0,0.0,4.0,16.0,92.0,1.0,3.0,11.0,92.0,16.0,5.0,30.0,8.0,7.0,26.0
98,2154,51.0,6,2,30372.0,1.0,1.0,0,3.0,2.0,0.0,3.0,14.0,44.0,0.0,3.0,11.0,44.0,15.0,0.0,12.0,7.0,3.0,7.0
99,4098,49.0,4,2,24639.0,1.0,1.0,0,3.0,2.0,0.0,4.0,12.0,44.0,0.0,3.0,11.0,44.0,20.0,3.0,16.0,0.0,4.0,1.0
100,6720,54.0,5,3,43795.0,0.0,1.0,1,3.0,7.0,3.0,4.0,14.0,492.0,0.0,3.0,11.0,492.0,314.0,11.0,53.0,4.0,3.0,107.0
101,2406,73.0,5,2,54591.0,0.0,1.0,0,3.0,6.0,2.0,8.0,10.0,519.0,0.0,3.0,11.0,519.0,376.0,4.0,94.0,12.0,9.0,24.0
102,7275,51.0,2,3,33316.0,1.0,1.0,0,3.0,2.0,1.0,4.0,12.0,131.0,0.0,3.0,11.0,131.0,79.0,1.0,31.0,4.0,4.0,12.0
103,8687,44.0,5,2,53172.0,0.0,1.0,0,3.0,2.0,3.0,8.0,6.0,486.0,0.0,3.0,11.0,486.0,121.0,62.0,90.0,68.0,20.0,125.0
104,7527,54.0,3,3,23748.0,1.0,0.0,0,3.0,2.0,1.0,3.0,16.0,76.0,0.0,3.0,11.0,76.0,6.0,6.0,29.0,12.0,15.0,8.0
105,4188,65.0,2,2,36864.0,0.0,1.0,0,3.0,5.0,2.0,4.0,16.0,354.0,0.0,3.0,11.0,354.0,204.0,5.0,39.0,17.0,0.0,89.0
106,10841,47.0,5,5,56559.0,0.0,1.0,0,3.0,4.0,3.0,8.0,8.0,484.0,0.0,3.0,11.0,484.0,226.0,22.0,133.0,41.0,31.0,31.0
107,8180,70.0,3,3,59354.0,1.0,1.0,0,3.0,6.0,1.0,5.0,12.0,310.0,0.0,3.0,11.0,310.0,233.0,2.0,53.0,3.0,5.0,14.0
108,1071,46.0,3,5,70179.0,0.0,1.0,0,3.0,7.0,3.0,13.0,10.0,1034.0,0.0,3.0,11.0,1034.0,532.0,88.0,168.0,69.0,44.0,133.0
109,5883,50.0,4,2,77981.0,1.0,0.0,0,3.0,7.0,4.0,7.0,10.0,664.0,0.0,3.0,11.0,664.0,138.0,120.0,204.0,16.0,126.0,60.0
110,5237,72.0,2,5,48767.0,1.0,2.0,0,3.0,2.0,1.0,3.0,10.0,63.0,0.0,3.0,11.0,63.0,28.0,1.0,21.0,3.0,0.0,10.0
111,3645,50.0,2,5,27213.0,1.0,0.0,0,3.0,2.0,0.0,4.0,16.0,70.0,0.0,3.0,11.0,70.0,19.0,3.0,26.0,10.0,9.0,3.0
112,2793,46.0,3,5,70179.0,0.0,1.0,0,3.0,7.0,3.0,13.0,10.0,1034.0,0.0,3.0,11.0,1034.0,532.0,88.0,168.0,69.0,44.0,133.0
113,7004,38.0,2,2,11012.0,1.0,0.0,1,3.0,3.0,1.0,2.0,18.0,84.0,0.0,3.0,11.0,84.0,24.0,3.0,26.0,7.0,1.0,23.0
114,9977,49.0,3,2,78901.0,0.0,1.0,0,3.0,9.0,3.0,5.0,8.0,734.0,0.0,3.0,11.0,734.0,321.0,11.0,309.0,33.0,26.0,34.0
115,4186,72.0,5,2,34026.0,1.0,1.0,0,3.0,2.0,1.0,3.0,10.0,76.0,0.0,3.0,11.0,76.0,18.0,6.0,15.0,12.0,8.0,17.0
116,1328,40.0,4,4,57937.0,0.0,1.0,0,3.0,4.0,4.0,9.0,6.0,683.0,0.0,3.0,11.0,683.0,261.0,42.0,144.0,55.0,48.0,133.0
117,4096,54.0,3,3,41335.0,1.0,0.0,0,3.0,4.0,1.0,4.0,14.0,187.0,0.0,3.0,11.0,187.0,112.0,19.0,21.0,16.0,14.0,5.0
118,10299,53.0,2,5,48240.0,0.0,0.0,0,3.0,6.0,3.0,13.0,10.0,882.0,0.0,3.0,11.0,882.0,389.0,91.0,248.0,64.0,49.0,41.0
119,2262,57.0,5,3,45143.0,0.0,1.0,0,3.0,6.0,1.0,5.0,14.0,311.0,0.0,3.0,11.0,311.0,202.0,5.0,74.0,11.0,5.0,14.0
120,9697,71.0,4,2,53790.0,0.0,2.0,0,3.0,7.0,2.0,8.0,12.0,542.0,0.0,3.0,11.0,542.0,335.0,42.0,127.0,28.0,5.0,5.0
121,5748,57.0,4,2,59754.0,0.0,1.0,0,3.0,5.0,2.0,6.0,10.0,475.0,0.0,3.0,11.0,475.0,115.0,27.0,44.0,4.0,146.0,139.0
122,7300,70.0,4,2,69142.0,0.0,1.0,1,3.0,8.0,1.0,7.0,10.0,535.0,0.0,3.0,11.0,535.0,448.0,4.0,34.0,6.0,4.0,39.0
123,3308,70.0,4,2,35704.0,1.0,1.0,0,3.0,2.0,0.0,4.0,8.0,94.0,0.0,3.0,11.0,94.0,30.0,9.0,12.0,2.0,11.0,30.0
124,3635,60.0,2,5,52597.0,0.0,1.0,0,3.0,6.0,3.0,8.0,10.0,578.0,0.0,3.0,11.0,578.0,492.0,0.0,37.0,7.0,0.0,42.0
125,11188,65.0,5,2,26091.0,1.0,0.0,0,3.0,2.0,1.0,3.0,10.0,89.0,0.0,3.0,11.0,89.0,15.0,10.0,19.0,8.0,17.0,20.0
126,5835,46.0,3,5,14849.0,1.0,0.0,0,3.0,2.0,0.0,4.0,16.0,65.0,0.0,3.0,11.0,65.0,21.0,2.0,28.0,3.0,2.0,9.0
127,3469,45.0,3,5,34487.0,1.0,1.0,0,3.0,3.0,0.0,3.0,18.0,103.0,0.0,3.0,11.0,103.0,19.0,18.0,33.0,24.0,1.0,8.0
128,6357,63.0,3,4,59052.0,0.0,1.0,0,3.0,7.0,1.0,7.0,10.0,491.0,0.0,3.0,11.0,491.0,230.0,35.0,75.0,63.0,57.0,31.0
129,2453,62.0,5,2,62807.0,0.0,1.0,0,3.0,5.0,3.0,12.0,10.0,819.0,0.0,3.0,11.0,819.0,526.0,28.0,135.0,10.0,21.0,99.0
130,1829,61.0,3,5,54959.0,0.0,1.0,1,3.0,9.0,5.0,4.0,14.0,1232.0,0.0,3.0,11.0,1232.0,1148.0,0.0,60.0,0.0,0.0,24.0
131,9909,26.0,5,4,7500.0,0.0,0.0,0,3.0,3.0,1.0,3.0,0.0,122.0,0.0,3.0,11.0,122.0,3.0,18.0,14.0,15.0,22.0,50.0
132,221,67.0,4,2,48726.0,0.0,1.0,0,3.0,3.0,2.0,4.0,12.0,242.0,0.0,3.0,11.0,242.0,138.0,3.0,38.0,4.0,0.0,59.0
133,10307,66.0,4,2,50387.0,0.0,2.0,0,3.0,6.0,2.0,8.0,10.0,525.0,0.0,3.0,11.0,525.0,369.0,9.0,87.0,12.0,14.0,34.0
134,10260,57.0,5,3,45143.0,0.0,1.0,0,3.0,6.0,1.0,5.0,14.0,311.0,0.0,3.0,11.0,311.0,202.0,5.0,74.0,11.0,5.0,14.0
135,7011,49.0,4,2,33471.0,1.0,0.0,0,3.0,3.0,0.0,4.0,14.0,93.0,0.0,3.0,11.0,93.0,43.0,2.0,27.0,0.0,9.0,12.0
136,10177,68.0,3,2,72071.0,0.0,1.0,0,3.0,5.0,4.0,8.0,4.0,1338.0,0.0,3.0,11.0,1338.0,531.0,69.0,300.0,150.0,138.0,150.0
137,2118,58.0,4,4,62905.0,0.0,1.0,0,3.0,7.0,2.0,8.0,8.0,622.0,0.0,3.0,11.0,622.0,166.0,75.0,96.0,119.0,107.0,59.0
138,9668,51.0,4,2,18793.0,1.0,0.0,0,3.0,2.0,0.0,4.0,16.0,77.0,0.0,3.0,11.0,77.0,4.0,16.0,20.0,0.0,17.0,20.0
139,9500,63.0,4,2,58113.0,0.0,1.0,0,3.0,9.0,2.0,8.0,14.0,758.0,1.0,3.0,11.0,758.0,221.0,104.0,169.0,102.0,78.0,84.0
140,5287,49.0,4,2,34961.0,1.0,0.0,0,3.0,3.0,1.0,3.0,14.0,53.0,0.0,3.0,11.0,53.0,45.0,2.0,0.0,4.0,1.0,1.0
141,332,65.0,4,2,47743.0,0.0,1.0,1,3.0,4.0,1.0,6.0,12.0,275.0,0.0,3.0,11.0,275.0,198.0,2.0,43.0,0.0,12.0,20.0
142,3571,61.0,5,5,63342.0,0.0,1.0,1,3.0,8.0,3.0,5.0,12.0,1101.0,0.0,3.0,11.0,1101.0,918.0,21.0,118.0,13.0,10.0,21.0
143,6387,46.0,5,5,52190.0,1.0,1.0,1,3.0,2.0,1.0,3.0,10.0,77.0,0.0,3.0,11.0,77.0,42.0,0.0,17.0,0.0,0.0,18.0
144,3807,67.0,5,2,59925.0,0.0,1.0,0,3.0,9.0,2.0,9.0,12.0,766.0,0.0,3.0,11.0,766.0,473.0,21.0,176.0,19.0,21.0,56.0
145,2937,48.0,2,5,68352.0,0.0,1.0,0,3.0,8.0,5.0,9.0,12.0,871.0,0.0,3.0,11.0,871.0,614.0,16.0,132.0,43.0,33.0,33.0
146,8799,38.0,4,5,38175.0,1.0,0.0,0,3.0,3.0,1.0,4.0,14.0,153.0,0.0,3.0,11.0,153.0,70.0,6.0,69.0,2.0,3.0,3.0
147,1717,34.0,2,2,39747.0,1.0,0.0,0,3.0,5.0,1.0,4.0,16.0,273.0,0.0,3.0,11.0,273.0,80.0,15.0,93.0,20.0,13.0,52.0
148,7397,71.0,2,2,49090.0,0.0,1.0,0,3.0,7.0,2.0,9.0,14.0,688.0,0.0,3.0,11.0,688.0,494.0,5.0,82.0,7.0,0.0,100.0
149,11114,52.0,5,2,19656.0,1.0,0.0,0,3.0,2.0,1.0,3.0,14.0,84.0,0.0,3.0,11.0,84.0,25.0,4.0,9.0,6.0,8.0,32.0
150,942,40.0,2,2,39660.0,1.0,0.0,0,3.0,7.0,1.0,3.0,18.0,299.0,0.0,3.0,11.0,299.0,139.0,13.0,78.0,20.0,13.0,36.0
151,1802,51.0,4,2,64795.0,0.0,1.0,0,3.0,3.0,3.0,12.0,4.0,680.0,0.0,3.0,11.0,680.0,412.0,5.0,119.0,38.0,29.0,77.0
152,4415,61.0,4,2,16860.0,1.0,1.0,0,3.0,1.0,1.0,3.0,14.0,38.0,0.0,3.0,11.0,38.0,10.0,4.0,4.0,3.0,3.0,14.0
153,7530,72.0,6,5,56551.0,1.0,1.0,0,3.0,2.0,1.0,4.0,8.0,138.0,0.0,3.0,11.0,138.0,67.0,4.0,32.0,17.0,2.0,16.0
154,2036,49.0,5,5,57906.0,0.0,1.0,0,3.0,4.0,2.0,8.0,8.0,401.0,0.0,3.0,11.0,401.0,243.0,11.0,119.0,10.0,3.0,15.0
155,4385,41.0,2,5,36038.0,1.0,0.0,0,2.0,3.0,0.0,3.0,12.0,47.0,0.0,3.0,11.0,47.0,23.0,0.0,15.0,0.0,2.0,7.0
156,9797,66.0,4,2,58116.0,0.0,1.0,0,2.0,3.0,3.0,8.0,4.0,443.0,0.0,3.0,11.0,443.0,228.0,19.0,130.0,4.0,11.0,51.0
157,7660,49.0,1,5,35860.0,1.0,1.0,1,2.0,1.0,1.0,2.0,10.0,49.0,0.0,3.0,11.0,49.0,15.0,0.0,8.0,4.0,2.0,20.0
158,2930,44.0,2,3,68092.0,0.0,0.0,0,2.0,2.0,6.0,10.0,10.0,1281.0,0.0,3.0,11.0,1281.0,852.0,60.0,207.0,78.0,36.0,48.0
159,7848,48.0,2,2,49166.0,0.0,1.0,0,2.0,5.0,3.0,3.0,12.0,368.0,0.0,3.0,11.0,368.0,224.0,2.0,25.0,7.0,0.0,110.0
160,6215,45.0,4,2,31353.0,1.0,1.0,0,2.0,1.0,1.0,2.0,16.0,31.0,0.0,3.0,11.0,31.0,10.0,0.0,10.0,3.0,1.0,7.0
161,3007,56.0,5,2,37758.0,1.0,1.0,0,2.0,1.0,0.0,3.0,16.0,40.0,0.0,3.0,11.0,40.0,27.0,2.0,10.0,0.0,0.0,1.0
162,5544,52.0,2,2,67384.0,0.0,1.0,1,2.0,7.0,8.0,5.0,10.0,1490.0,0.0,3.0,11.0,1490.0,957.0,40.0,175.0,158.0,53.0,107.0
163,6606,53.0,4,3,70091.0,1.0,0.0,1,2.0,5.0,2.0,10.0,16.0,1161.0,0.0,3.0,11.0,1161.0,964.0,34.0,137.0,15.0,0.0,11.0
164,1715,44.0,5,2,25851.0,1.0,0.0,0,2.0,2.0,0.0,3.0,14.0,48.0,0.0,3.0,11.0,48.0,9.0,4.0,18.0,7.0,5.0,5.0
165,2286,60.0,2,2,50785.0,1.0,1.0,0,2.0,2.0,1.0,3.0,12.0,114.0,0.0,3.0,11.0,114.0,64.0,1.0,21.0,0.0,1.0,27.0
166,9862,53.0,5,2,21918.0,1.0,0.0,0,2.0,2.0,0.0,3.0,12.0,33.0,0.0,3.0,11.0,33.0,1.0,6.0,7.0,11.0,5.0,3.0
167,2975,46.0,5,2,85606.0,0.0,1.0,1,2.0,6.0,7.0,9.0,6.0,1956.0,0.0,3.0,11.0,1956.0,717.0,42.0,864.0,219.0,30.0,84.0
168,11092,61.0,4,2,27116.0,1.0,1.0,0,2.0,2.0,0.0,3.0,14.0,41.0,0.0,3.0,11.0,41.0,12.0,1.0,21.0,2.0,2.0,3.0
169,5610,57.0,5,2,33456.0,1.0,1.0,0,2.0,1.0,0.0,3.0,14.0,36.0,0.0,3.0,11.0,36.0,7.0,3.0,10.0,8.0,1.0,7.0
170,2447,43.0,5,2,30545.0,1.0,0.0,0,2.0,2.0,0.0,3.0,14.0,69.0,0.0,3.0,11.0,69.0,4.0,12.0,15.0,19.0,7.0,12.0
171,7118,65.0,4,2,73803.0,0.0,1.0,1,2.0,9.0,5.0,6.0,12.0,1528.0,0.0,3.0,11.0,1528.0,833.0,80.0,363.0,52.0,26.0,174.0
172,7628,49.0,4,4,43050.0,1.0,0.0,0,2.0,2.0,0.0,4.0,10.0,76.0,0.0,3.0,11.0,76.0,30.0,5.0,24.0,6.0,3.0,8.0
173,5177,48.0,4,3,58494.0,0.0,1.0,0,2.0,6.0,2.0,6.0,12.0,396.0,0.0,3.0,11.0,396.0,298.0,7.0,68.0,4.0,0.0,19.0
174,1640,68.0,3,2,64587.0,1.0,1.0,0,2.0,1.0,1.0,4.0,6.0,108.0,0.0,3.0,11.0,108.0,66.0,0.0,16.0,0.0,6.0,20.0
175,2392,50.0,4,2,40321.0,1.0,1.0,0,2.0,3.0,0.0,3.0,14.0,102.0,0.0,3.0,11.0,102.0,44.0,4.0,21.0,6.0,0.0,27.0
176,10091,66.0,2,2,60230.0,0.0,1.0,0,2.0,6.0,3.0,6.0,10.0,1067.0,0.0,3.0,11.0,1067.0,520.0,20.0,367.0,39.0,81.0,40.0
177,2055,49.0,3,5,35860.0,1.0,1.0,1,2.0,1.0,1.0,2.0,10.0,49.0,0.0,3.0,11.0,49.0,15.0,0.0,8.0,4.0,2.0,20.0
178,5585,50.0,2,2,21359.0,1.0,0.0,0,2.0,2.0,0.0,3.0,16.0,48.0,0.0,3.0,11.0,48.0,12.0,2.0,17.0,6.0,1.0,10.0
179,5057,61.0,4,3,61794.0,0.0,1.0,0,2.0,4.0,4.0,10.0,4.0,611.0,0.0,3.0,11.0,611.0,264.0,47.0,188.0,54.0,47.0,11.0
180,8420,52.0,4,4,15315.0,0.0,0.0,0,2.0,2.0,0.0,4.0,10.0,51.0,0.0,3.0,11.0,51.0,7.0,4.0,0.0,15.0,8.0,17.0
181,7861,70.0,4,3,77027.0,0.0,1.0,0,2.0,8.0,3.0,6.0,8.0,1175.0,0.0,3.0,11.0,1175.0,820.0,57.0,242.0,45.0,0.0,11.0
182,4184,72.0,5,5,52157.0,0.0,1.0,0,2.0,3.0,2.0,5.0,8.0,265.0,0.0,3.0,11.0,265.0,189.0,2.0,29.0,3.0,2.0,40.0
183,3584,67.0,2,5,49667.0,0.0,0.0,1,2.0,5.0,10.0,5.0,16.0,1396.0,0.0,3.0,11.0,1396.0,1181.0,26.0,120.0,17.0,13.0,39.0
184,10582,43.0,4,2,72063.0,0.0,1.0,0,2.0,5.0,2.0,12.0,4.0,758.0,0.0,3.0,11.0,758.0,180.0,32.0,348.0,76.0,32.0,90.0
185,11166,61.0,4,2,49678.0,0.0,1.0,0,2.0,6.0,2.0,4.0,14.0,315.0,0.0,3.0,11.0,315.0,229.0,5.0,56.0,3.0,2.0,20.0
186,8370,46.0,5,4,75484.0,0.0,1.0,0,2.0,7.0,3.0,6.0,8.0,1159.0,0.0,3.0,11.0,1159.0,378.0,97.0,259.0,197.0,194.0,34.0
187,1403,47.0,5,4,34984.0,1.0,1.0,0,2.0,1.0,0.0,3.0,14.0,38.0,0.0,3.0,11.0,38.0,8.0,4.0,15.0,3.0,5.0,3.0
188,1612,41.0,2,5,55212.0,1.0,0.0,0,2.0,3.0,0.0,3.0,12.0,47.0,0.0,3.0,11.0,47.0,23.0,0.0,15.0,0.0,2.0,7.0
189,9140,62.0,5,4,50523.0,1.0,1.0,0,2.0,2.0,0.0,4.0,12.0,91.0,0.0,3.0,11.0,91.0,51.0,4.0,24.0,4.0,7.0,1.0
190,5756,39.0,5,2,39453.0,1.0,0.0,0,2.0,2.0,0.0,3.0,12.0,55.0,0.0,3.0,11.0,55.0,46.0,0.0,7.0,0.0,0.0,2.0
191,1491,57.0,5,4,71488.0,0.0,0.0,0,2.0,3.0,4.0,7.0,2.0,559.0,0.0,3.0,11.0,559.0,162.0,33.0,124.0,40.0,28.0,172.0
192,2826,55.0,4,2,22574.0,2.0,1.0,0,2.0,2.0,0.0,3.0,14.0,37.0,0.0,3.0,11.0,37.0,25.0,0.0,8.0,2.0,0.0,2.0
193,11176,52.0,5,5,65968.0,0.0,1.0,0,2.0,5.0,4.0,7.0,6.0,495.0,0.0,3.0,11.0,495.0,376.0,9.0,83.0,19.0,4.0,4.0
195,11084,46.0,5,3,65104.0,0.0,1.0,0,2.0,3.0,5.0,7.0,14.0,1053.0,0.0,3.0,11.0,1053.0,738.0,0.0,232.0,13.0,20.0,50.0
196,9653,47.0,4,2,35797.0,0.0,1.0,0,2.0,2.0,0.0,3.0,16.0,68.0,0.0,3.0,11.0,68.0,27.0,1.0,14.0,4.0,1.0,21.0
197,4603,62.0,4,5,65695.0,0.0,1.0,0,2.0,5.0,4.0,10.0,8.0,656.0,0.0,3.0,11.0,656.0,371.0,32.0,189.0,0.0,58.0,6.0
198,234,43.0,3,2,15287.0,1.0,0.0,1,2.0,1.0,1.0,2.0,14.0,31.0,0.0,3.0,11.0,31.0,1.0,2.0,8.0,4.0,3.0,13.0
199,13,75.0,6,5,25358.0,0.0,1.0,0,2.0,1.0,0.0,3.0,12.0,32.0,0.0,3.0,11.0,32.0,19.0,0.0,5.0,0.0,0.0,8.0
200,1453,79.0,6,5,57513.0,0.0,0.0,0,2.0,9.0,3.0,13.0,12.0,1060.0,0.0,3.0,11.0,1060.0,735.0,40.0,183.0,52.0,20.0,30.0
201,1833,48.0,2,5,39190.0,1.0,0.0,0,2.0,2.0,1.0,4.0,10.0,133.0,0.0,3.0,11.0,133.0,68.0,8.0,18.0,19.0,8.0,12.0
202,4437,60.0,4,2,65316.0,1.0,1.0,0,2.0,3.0,2.0,5.0,8.0,260.0,0.0,3.0,11.0,260.0,112.0,6.0,92.0,3.0,9.0,38.0
203,3828,71.0,4,2,71107.0,0.0,1.0,0,2.0,7.0,6.0,13.0,8.0,1327.0,0.0,3.0,11.0,1327.0,533.0,10.0,217.0,198.0,174.0,195.0
204,5654,50.0,4,2,36026.0,2.0,1.0,0,2.0,2.0,0.0,3.0,12.0,61.0,0.0,3.0,11.0,61.0,20.0,4.0,10.0,6.0,4.0,17.0
205,3595,59.0,5,2,77226.0,0.0,1.0,0,2.0,6.0,8.0,12.0,6.0,1138.0,0.0,3.0,11.0,1138.0,631.0,43.0,239.0,128.0,76.0,21.0
206,1377,54.0,6,3,44551.0,0.0,1.0,0,2.0,4.0,1.0,5.0,14.0,285.0,0.0,3.0,11.0,285.0,182.0,4.0,33.0,0.0,0.0,66.0
207,2534,69.0,4,2,37716.0,0.0,1.0,0,2.0,4.0,1.0,3.0,14.0,188.0,0.0,3.0,11.0,188.0,97.0,1.0,41.0,6.0,2.0,41.0
208,8659,70.0,5,5,69805.0,0.0,1.0,0,2.0,6.0,8.0,11.0,4.0,1038.0,0.0,3.0,11.0,1038.0,750.0,71.0,174.0,13.0,10.0,20.0
209,2920,47.0,2,5,52614.0,0.0,1.0,0,2.0,2.0,4.0,8.0,16.0,990.0,0.0,3.0,11.0,990.0,789.0,0.0,142.0,12.0,9.0,38.0
210,9197,69.0,4,2,54450.0,0.0,1.0,0,2.0,2.0,0.0,3.0,10.0,47.0,0.0,3.0,11.0,47.0,32.0,0.0,5.0,2.0,0.0,8.0
211,3551,68.0,5,3,60033.0,0.0,1.0,0,2.0,2.0,1.0,5.0,4.0,198.0,0.0,3.0,11.0,198.0,62.0,1.0,57.0,19.0,11.0,48.0
212,4971,60.0,5,5,31497.0,0.0,1.0,0,2.0,3.0,1.0,4.0,16.0,155.0,0.0,3.0,11.0,155.0,108.0,1.0,28.0,13.0,1.0,4.0
213,9265,69.0,4,2,75027.0,0.0,1.0,0,2.0,9.0,4.0,6.0,10.0,1390.0,0.0,3.0,11.0,1390.0,925.0,64.0,179.0,133.0,12.0,77.0
214,1324,34.0,4,2,38872.0,1.0,0.0,0,2.0,3.0,0.0,3.0,16.0,91.0,0.0,3.0,11.0,91.0,23.0,3.0,21.0,3.0,19.0,22.0
215,9150,59.0,2,5,48918.0,1.0,1.0,0,2.0,1.0,0.0,4.0,8.0,62.0,0.0,3.0,11.0,62.0,52.0,0.0,9.0,0.0,0.0,1.0
216,4377,51.0,4,2,52914.0,0.0,1.0,1,2.0,7.0,3.0,3.0,14.0,575.0,0.0,3.0,11.0,575.0,254.0,10.0,44.0,30.0,10.0,227.0
217,1928,49.0,4,2,31814.0,1.0,0.0,1,2.0,2.0,0.0,3.0,18.0,83.0,0.0,3.0,11.0,83.0,35.0,3.0,20.0,4.0,1.0,20.0
218,4557,52.0,5,2,22070.0,1.0,0.0,0,2.0,2.0,2.0,2.0,12.0,67.0,0.0,3.0,11.0,67.0,10.0,7.0,19.0,8.0,2.0,21.0
219,2831,46.0,5,2,78416.0,0.0,1.0,0,2.0,7.0,7.0,10.0,6.0,1179.0,0.0,3.0,11.0,1179.0,453.0,38.0,279.0,188.0,38.0,183.0
220,1016,63.0,2,5,34554.0,0.0,1.0,0,2.0,2.0,0.0,3.0,12.0,55.0,0.0,3.0,11.0,55.0,41.0,1.0,6.0,2.0,0.0,5.0
221,10870,55.0,4,2,61223.0,0.0,1.0,0,2.0,9.0,3.0,4.0,10.0,1341.0,0.0,3.0,11.0,1341.0,709.0,43.0,182.0,42.0,118.0,247.0
222,8017,41.0,4,4,51111.0,1.0,1.0,0,2.0,2.0,0.0,3.0,12.0,55.0,0.0,3.0,11.0,55.0,22.0,0.0,19.0,6.0,5.0,3.0
223,6507,42.0,2,2,30828.0,1.0,0.0,0,2.0,1.0,1.0,4.0,6.0,56.0,0.0,3.0,11.0,56.0,16.0,11.0,15.0,2.0,0.0,12.0
224,8416,41.0,4,2,29009.0,1.0,0.0,0,2.0,2.0,0.0,3.0,12.0,44.0,0.0,3.0,11.0,44.0,6.0,6.0,15.0,10.0,5.0,2.0
225,1241,38.0,4,4,14796.0,1.0,0.0,0,2.0,1.0,0.0,3.0,18.0,51.0,0.0,3.0,11.0,51.0,13.0,3.0,8.0,7.0,4.0,16.0
226,5782,40.0,5,4,58582.0,0.0,1.0,1,2.0,9.0,2.0,9.0,10.0,763.0,0.0,3.0,11.0,763.0,402.0,35.0,106.0,101.0,77.0,42.0
227,1729,61.0,5,5,66426.0,0.0,1.0,0,2.0,3.0,5.0,10.0,12.0,1377.0,0.0,3.0,11.0,1377.0,1043.0,24.0,97.0,32.0,24.0,157.0
228,5223,56.0,5,3,45903.0,0.0,1.0,0,2.0,2.0,1.0,3.0,8.0,66.0,0.0,3.0,11.0,66.0,33.0,8.0,10.0,2.0,10.0,3.0
229,5114,57.0,4,3,74806.0,0.0,1.0,0,2.0,5.0,4.0,5.0,8.0,965.0,0.0,3.0,11.0,965.0,670.0,9.0,249.0,0.0,28.0,9.0
230,10727,52.0,4,5,69084.0,1.0,0.0,0,2.0,7.0,3.0,13.0,16.0,1586.0,0.0,3.0,11.0,1586.0,1181.0,107.0,199.0,39.0,30.0,30.0
231,4939,76.0,4,2,37760.0,0.0,0.0,0,2.0,4.0,1.0,6.0,14.0,317.0,0.0,3.0,11.0,317.0,84.0,5.0,38.0,150.0,12.0,28.0
232,4643,49.0,4,2,27803.0,1.0,0.0,0,2.0,3.0,0.0,4.0,16.0,176.0,0.0,3.0,11.0,176.0,8.0,26.0,46.0,38.0,9.0,49.0
233,8945,52.0,3,2,54137.0,0.0,1.0,0,2.0,4.0,1.0,4.0,12.0,203.0,0.0,3.0,11.0,203.0,171.0,0.0,11.0,0.0,1.0,20.0
234,8602,58.0,3,2,69932.0,0.0,1.0,0,2.0,7.0,6.0,11.0,8.0,1049.0,0.0,3.0,11.0,1049.0,412.0,172.0,153.0,150.0,105.0,57.0
235,503,37.0,4,3,20559.0,1.0,0.0,0,2.0,2.0,0.0,3.0,16.0,53.0,0.0,3.0,11.0,53.0,13.0,1.0,29.0,3.0,0.0,7.0
236,274,49.0,2,2,34853.0,1.0,1.0,0,2.0,2.0,0.0,3.0,12.0,34.0,0.0,3.0,11.0,34.0,9.0,3.0,15.0,2.0,3.0,2.0
237,9516,51.0,3,4,49118.0,0.0,0.0,1,2.0,9.0,7.0,10.0,14.0,1229.0,0.0,3.0,11.0,1229.0,620.0,54.0,239.0,99.0,98.0,119.0
238,946,64.0,5,4,26490.0,0.0,0.0,0,2.0,3.0,1.0,5.0,12.0,210.0,0.0,3.0,11.0,210.0,45.0,47.0,52.0,21.0,20.0,25.0
239,10281,52.0,3,2,64713.0,1.0,0.0,0,2.0,5.0,5.0,7.0,8.0,602.0,0.0,3.0,11.0,602.0,180.0,60.0,241.0,13.0,54.0,54.0
240,5036,38.0,2,5,42710.0,1.0,0.0,0,2.0,4.0,5.0,3.0,12.0,406.0,0.0,3.0,11.0,406.0,252.0,3.0,42.0,4.0,3.0,102.0
241,591,65.0,6,2,66033.0,0.0,1.0,0,2.0,8.0,3.0,7.0,14.0,677.0,0.0,3.0,11.0,677.0,293.0,35.0,179.0,46.0,59.0,65.0
242,3710,38.0,2,5,39684.0,1.0,0.0,0,2.0,2.0,1.0,2.0,14.0,81.0,1.0,3.0,11.0,81.0,19.0,0.0,35.0,6.0,4.0,17.0
243,6983,72.0,3,3,38054.0,1.0,1.0,0,2.0,2.0,0.0,3.0,14.0,45.0,0.0,3.0,11.0,45.0,23.0,2.0,17.0,2.0,1.0,0.0
244,6991,71.0,3,2,43185.0,0.0,1.0,0,2.0,9.0,3.0,6.0,16.0,637.0,0.0,3.0,11.0,637.0,537.0,6.0,42.0,16.0,6.0,30.0
245,2815,47.0,4,2,33183.0,1.0,0.0,0,2.0,4.0,0.0,3.0,14.0,120.0,0.0,3.0,11.0,120.0,7.0,5.0,39.0,17.0,15.0,37.0
246,9507,47.0,4,2,40794.0,0.0,1.0,0,2.0,6.0,3.0,5.0,14.0,361.0,0.0,3.0,11.0,361.0,261.0,23.0,0.0,4.0,23.0,50.0
247,2961,40.0,4,2,42081.0,1.0,0.0,1,2.0,6.0,3.0,4.0,12.0,382.0,0.0,3.0,11.0,382.0,175.0,10.0,110.0,54.0,6.0,27.0
248,8553,57.0,4,2,44300.0,1.0,1.0,0,2.0,1.0,0.0,3.0,12.0,42.0,0.0,3.0,11.0,42.0,30.0,0.0,9.0,0.0,0.0,3.0
249,8143,37.0,2,5,37929.0,0.0,0.0,1,2.0,4.0,2.0,5.0,14.0,265.0,0.0,3.0,11.0,265.0,202.0,2.0,46.0,3.0,2.0,10.0
250,231,66.0,5,3,28839.0,1.0,1.0,0,2.0,2.0,0.0,3.0,10.0,32.0,0.0,3.0,11.0,32.0,24.0,0.0,7.0,0.0,0.0,1.0
251,10770,63.0,4,2,65492.0,0.0,0.0,0,2.0,4.0,7.0,13.0,4.0,1045.0,0.0,3.0,11.0,1045.0,247.0,161.0,295.0,210.0,85.0,47.0
252,7232,52.0,6,2,42429.0,0.0,1.0,0,2.0,1.0,1.0,3.0,10.0,67.0,0.0,3.0,11.0,67.0,55.0,0.0,6.0,2.0,0.0,4.0
253,7409,52.0,5,2,53187.0,1.0,0.0,0,2.0,4.0,1.0,6.0,10.0,267.0,0.0,3.0,11.0,267.0,211.0,2.0,30.0,7.0,7.0,10.0
254,10704,53.0,2,2,54803.0,0.0,1.0,0,2.0,6.0,2.0,9.0,8.0,693.0,0.0,3.0,11.0,693.0,404.0,0.0,92.0,28.0,27.0,142.0
255,4547,62.0,5,2,13672.0,1.0,1.0,0,2.0,1.0,0.0,3.0,16.0,25.0,0.0,3.0,11.0,25.0,6.0,2.0,9.0,2.0,1.0,5.0
256,448,44.0,2,5,54880.0,1.0,0.0,0,2.0,6.0,2.0,11.0,10.0,795.0,0.0,3.0,11.0,795.0,308.0,85.0,137.0,102.0,45.0,118.0
257,3523,60.0,5,2,75072.0,0.0,1.0,0,2.0,5.0,4.0,8.0,6.0,1073.0,0.0,3.0,11.0,1073.0,583.0,34.0,309.0,0.0,22.0,125.0
258,25,64.0,4,2,65148.0,0.0,1.0,0,2.0,6.0,6.0,7.0,8.0,1115.0,0.0,3.0,11.0,1115.0,460.0,35.0,422.0,33.0,12.0,153.0
259,8595,49.0,6,2,42429.0,0.0,1.0,0,2.0,1.0,1.0,3.0,10.0,67.0,0.0,3.0,11.0,67.0,55.0,0.0,6.0,2.0,0.0,4.0
260,10084,50.0,4,2,24434.0,2.0,0.0,0,2.0,2.0,1.0,2.0,14.0,50.0,0.0,3.0,11.0,50.0,3.0,2.0,8.0,20.0,0.0,17.0
261,8780,72.0,5,5,59292.0,0.0,1.0,0,2.0,3.0,5.0,8.0,6.0,507.0,0.0,3.0,11.0,507.0,378.0,14.0,68.0,19.0,14.0,14.0
262,11100,50.0,4,2,51813.0,1.0,1.0,0,2.0,2.0,0.0,3.0,14.0,63.0,0.0,3.0,11.0,63.0,51.0,2.0,7.0,0.0,1.0,2.0
263,8405,43.0,3,2,68274.0,1.0,1.0,0,2.0,4.0,2.0,5.0,6.0,305.0,0.0,3.0,11.0,305.0,135.0,25.0,51.0,23.0,25.0,46.0
264,9423,43.0,4,3,32765.0,1.0,0.0,0,2.0,2.0,0.0,4.0,10.0,46.0,0.0,3.0,11.0,46.0,13.0,3.0,17.0,7.0,3.0,3.0
265,5987,33.0,5,4,10404.0,1.0,0.0,0,2.0,1.0,0.0,4.0,10.0,43.0,0.0,3.0,11.0,43.0,2.0,2.0,11.0,10.0,6.0,12.0
266,7938,64.0,5,5,51518.0,0.0,1.0,0,2.0,3.0,2.0,10.0,6.0,449.0,0.0,3.0,11.0,449.0,350.0,8.0,66.0,17.0,4.0,4.0
267,4127,55.0,4,5,77766.0,0.0,1.0,1,2.0,11.0,10.0,11.0,12.0,1529.0,0.0,3.0,11.0,1529.0,1004.0,59.0,265.0,115.0,59.0,27.0
268,850,54.0,2,2,70566.0,0.0,1.0,0,2.0,6.0,5.0,9.0,6.0,757.0,0.0,3.0,11.0,757.0,381.0,28.0,215.0,84.0,28.0,21.0
269,2878,75.0,4,5,67472.0,0.0,1.0,0,2.0,4.0,2.0,7.0,6.0,414.0,0.0,3.0,11.0,414.0,162.0,31.0,127.0,8.0,17.0,69.0
270,9422,33.0,4,2,38360.0,1.0,0.0,0,2.0,2.0,1.0,4.0,6.0,131.0,0.0,3.0,11.0,131.0,36.0,2.0,42.0,20.0,21.0,10.0
271,8601,42.0,4,2,80011.0,0.0,1.0,0,2.0,8.0,6.0,5.0,8.0,1395.0,0.0,3.0,11.0,1395.0,421.0,76.0,536.0,82.0,178.0,102.0
272,3745,34.0,4,4,23331.0,1.0,0.0,0,2.0,3.0,0.0,3.0,16.0,103.0,0.0,3.0,11.0,103.0,5.0,36.0,7.0,0.0,10.0,45.0
273,8686,43.0,5,1,23724.0,1.0,0.0,0,2.0,2.0,0.0,3.0,16.0,75.0,0.0,3.0,11.0,75.0,5.0,23.0,15.0,0.0,18.0,14.0
274,1880,63.0,5,5,53537.0,1.0,1.0,0,2.0,2.0,1.0,3.0,10.0,93.0,0.0,3.0,11.0,93.0,81.0,0.0,6.0,0.0,0.0,6.0
275,5209,68.0,3,2,50002.0,0.0,1.0,0,2.0,8.0,2.0,7.0,14.0,638.0,0.0,3.0,11.0,638.0,443.0,5.0,71.0,21.0,16.0,82.0
276,4832,43.0,4,2,27244.0,1.0,0.0,0,2.0,2.0,2.0,2.0,14.0,101.0,0.0,3.0,11.0,101.0,6.0,5.0,17.0,3.0,24.0,46.0
277,1010,45.0,5,2,46931.0,2.0,1.0,0,2.0,1.0,1.0,3.0,6.0,78.0,0.0,3.0,11.0,78.0,41.0,0.0,17.0,3.0,1.0,16.0
278,6616,47.0,5,2,59481.0,0.0,1.0,0,2.0,3.0,3.0,8.0,4.0,461.0,0.0,3.0,11.0,461.0,178.0,3.0,85.0,71.0,66.0,58.0
279,10490,53.0,4,5,51039.0,1.0,1.0,0,2.0,6.0,2.0,4.0,14.0,417.0,0.0,3.0,11.0,417.0,100.0,64.0,79.0,65.0,0.0,109.0
280,9780,51.0,5,3,71499.0,0.0,1.0,0,2.0,8.0,3.0,13.0,8.0,795.0,0.0,3.0,11.0,795.0,465.0,25.0,132.0,136.0,0.0,37.0
281,1143,50.0,4,2,22063.0,1.0,0.0,0,2.0,2.0,0.0,3.0,14.0,55.0,0.0,3.0,11.0,55.0,7.0,10.0,13.0,3.0,11.0,11.0
282,2564,69.0,5,2,61278.0,0.0,1.0,0,2.0,3.0,1.0,4.0,12.0,165.0,0.0,3.0,11.0,165.0,111.0,3.0,28.0,2.0,6.0,15.0
283,2591,63.0,6,2,76320.0,0.0,1.0,0,2.0,6.0,3.0,4.0,4.0,932.0,0.0,3.0,11.0,932.0,526.0,35.0,214.0,69.0,53.0,35.0
284,7822,46.0,5,2,54058.0,0.0,1.0,0,2.0,4.0,6.0,8.0,6.0,662.0,0.0,3.0,11.0,662.0,198.0,18.0,252.0,32.0,108.0,54.0
285,1072,57.0,2,5,40760.0,0.0,1.0,0,2.0,2.0,1.0,3.0,12.0,93.0,0.0,3.0,11.0,93.0,70.0,0.0,17.0,0.0,0.0,6.0
286,9706,48.0,2,5,31560.0,1.0,0.0,0,2.0,2.0,1.0,3.0,16.0,94.0,0.0,3.0,11.0,94.0,62.0,1.0,20.0,4.0,0.0,7.0
287,2005,32.0,4,2,35765.0,1.0,0.0,0,2.0,2.0,0.0,4.0,12.0,75.0,0.0,3.0,11.0,75.0,22.0,3.0,30.0,0.0,5.0,15.0
288,4137,74.0,5,2,70666.0,0.0,0.0,0,1.0,7.0,4.0,4.0,8.0,1076.0,0.0,3.0,11.0,1076.0,398.0,40.0,367.0,119.0,122.0,30.0
289,574,58.0,4,2,42523.0,0.0,0.0,0,1.0,1.0,1.0,4.0,4.0,125.0,0.0,3.0,11.0,125.0,14.0,36.0,11.0,3.0,26.0,35.0
290,4475,73.0,4,5,69098.0,0.0,0.0,0,1.0,7.0,8.0,9.0,10.0,2440.0,0.0,3.0,11.0,2440.0,1315.0,22.0,780.0,145.0,0.0,178.0
291,1371,46.0,2,2,79941.0,0.0,0.0,0,1.0,2.0,4.0,9.0,2.0,984.0,0.0,3.0,11.0,984.0,123.0,164.0,266.0,227.0,30.0,174.0
292,5123,71.0,4,3,27450.0,0.0,0.0,0,1.0,2.0,1.0,3.0,14.0,143.0,0.0,3.0,11.0,143.0,37.0,12.0,23.0,8.0,11.0,52.0
293,9733,44.0,5,1,24882.0,1.0,0.0,1,1.0,1.0,1.0,2.0,12.0,80.0,0.0,3.0,11.0,80.0,1.0,4.0,10.0,29.0,0.0,36.0
294,10949,59.0,3,5,72968.0,0.0,0.0,1,1.0,5.0,5.0,8.0,6.0,1958.0,0.0,3.0,11.0,1958.0,1092.0,37.0,592.0,145.0,37.0,55.0
295,5848,52.0,5,2,81205.0,0.0,0.0,1,1.0,5.0,6.0,7.0,4.0,2009.0,0.0,3.0,11.0,2009.0,724.0,74.0,929.0,97.0,55.0,130.0
296,6637,34.0,2,2,66951.0,0.0,0.0,0,1.0,3.0,4.0,7.0,2.0,1117.0,0.0,3.0,11.0,1117.0,277.0,162.0,305.0,173.0,76.0,124.0
297,6853,40.0,2,3,75777.0,0.0,0.0,1,1.0,3.0,6.0,11.0,2.0,1438.0,0.0,3.0,11.0,1438.0,712.0,26.0,538.0,69.0,13.0,80.0
298,10708,44.0,2,4,36975.0,1.0,0.0,0,1.0,1.0,0.0,3.0,14.0,33.0,0.0,3.0,11.0,33.0,10.0,6.0,11.0,0.0,4.0,2.0
299,6931,55.0,3,2,76982.0,0.0,0.0,1,1.0,8.0,3.0,4.0,8.0,1062.0,0.0,3.0,11.0,1062.0,464.0,151.0,292.0,65.0,60.0,30.0
300,1225,59.0,4,2,80124.0,0.0,0.0,1,1.0,3.0,7.0,8.0,2.0,1495.0,0.0,3.0,11.0,1495.0,483.0,84.0,398.0,205.0,84.0,241.0
301,798,35.0,2,2,23442.0,1.0,0.0,0,1.0,1.0,0.0,3.0,14.0,27.0,0.0,3.0,11.0,27.0,2.0,0.0,6.0,8.0,6.0,5.0
302,10680,36.0,5,2,33235.0,1.0,0.0,0,1.0,3.0,0.0,3.0,14.0,70.0,0.0,3.0,11.0,70.0,45.0,0.0,16.0,2.0,1.0,6.0
303,3706,44.0,2,2,28647.0,1.0,0.0,1,1.0,2.0,2.0,2.0,14.0,94.0,0.0,3.0,11.0,94.0,19.0,8.0,29.0,0.0,12.0,26.0
304,4994,79.0,2,3,77598.0,0.0,0.0,1,1.0,7.0,5.0,13.0,6.0,1735.0,0.0,3.0,11.0,1735.0,1193.0,33.0,281.0,129.0,66.0,33.0
305,6445,55.0,5,2,66825.0,0.0,0.0,0,1.0,4.0,5.0,6.0,4.0,858.0,0.0,3.0,11.0,858.0,243.0,101.0,405.0,29.0,40.0,40.0
306,10151,62.0,3,2,62204.0,0.0,2.0,0,1.0,4.0,5.0,12.0,6.0,946.0,0.0,3.0,11.0,946.0,317.0,46.0,247.0,151.0,46.0,139.0
307,8175,30.0,4,2,34935.0,0.0,0.0,0,1.0,2.0,1.0,4.0,0.0,137.0,0.0,3.0,11.0,137.0,34.0,4.0,66.0,3.0,10.0,20.0
308,6428,72.0,6,5,76842.0,0.0,0.0,0,1.0,1.0,8.0,7.0,0.0,1130.0,0.0,3.0,11.0,1130.0,605.0,10.0,345.0,84.0,54.0,32.0
309,10477,49.0,5,5,39435.0,1.0,0.0,0,1.0,3.0,1.0,2.0,14.0,102.0,0.0,3.0,11.0,102.0,71.0,0.0,18.0,0.0,0.0,13.0
310,8372,48.0,4,2,34421.0,1.0,0.0,0,1.0,1.0,0.0,2.0,14.0,30.0,0.0,3.0,11.0,30.0,3.0,3.0,7.0,6.0,2.0,9.0
311,4459,33.0,2,2,30279.0,1.0,0.0,0,1.0,1.0,0.0,3.0,16.0,37.0,0.0,3.0,11.0,37.0,10.0,4.0,14.0,4.0,4.0,1.0
312,1131,55.0,2,5,52569.0,0.0,1.0,0,1.0,2.0,0.0,4.0,6.0,95.0,0.0,3.0,11.0,95.0,85.0,0.0,3.0,0.0,0.0,7.0
313,7437,34.0,2,2,27938.0,1.0,0.0,0,1.0,1.0,0.0,4.0,6.0,29.0,0.0,3.0,11.0,29.0,13.0,0.0,8.0,2.0,1.0,5.0
314,78,53.0,4,2,25293.0,1.0,0.0,0,1.0,1.0,1.0,2.0,16.0,37.0,0.0,3.0,11.0,37.0,15.0,0.0,11.0,0.0,2.0,9.0
315,10390,63.0,4,4,26887.0,0.0,1.0,0,1.0,1.0,0.0,3.0,12.0,30.0,0.0,3.0,11.0,30.0,6.0,7.0,4.0,3.0,4.0,6.0
316,7829,122.0,5,4,36640.0,1.0,0.0,0,1.0,2.0,1.0,2.0,10.0,65.0,1.0,3.0,11.0,65.0,15.0,6.0,8.0,7.0,4.0,25.0
317,7106,79.0,4,5,75865.0,0.0,0.0,0,1.0,3.0,5.0,10.0,2.0,1242.0,0.0,3.0,11.0,1242.0,483.0,0.0,591.0,156.0,0.0,12.0
318,5081,55.0,5,4,47821.0,1.0,1.0,0,1.0,1.0,0.0,3.0,16.0,47.0,0.0,3.0,11.0,47.0,9.0,0.0,16.0,6.0,6.0,10.0
319,10473,66.0,6,5,78028.0,0.0,1.0,1,1.0,6.0,4.0,9.0,14.0,528.0,0.0,3.0,11.0,528.0,158.0,19.0,288.0,25.0,0.0,38.0
320,11088,51.0,5,5,78642.0,0.0,1.0,0,1.0,4.0,9.0,4.0,12.0,1816.0,0.0,3.0,11.0,1816.0,1396.0,0.0,322.0,46.0,35.0,17.0
321,2225,45.0,3,2,82582.0,0.0,0.0,1,1.0,4.0,9.0,7.0,2.0,1617.0,0.0,3.0,11.0,1617.0,510.0,120.0,550.0,156.0,40.0,241.0
322,146,62.0,2,5,76045.0,0.0,0.0,1,1.0,4.0,5.0,11.0,4.0,1323.0,0.0,3.0,11.0,1323.0,760.0,53.0,400.0,17.0,93.0,0.0
323,1463,64.0,2,2,45160.0,1.0,1.0,0,1.0,1.0,0.0,2.0,14.0,21.0,0.0,3.0,11.0,21.0,8.0,2.0,5.0,3.0,0.0,3.0
324,692,68.0,5,2,36807.0,1.0,1.0,0,1.0,1.0,0.0,2.0,12.0,16.0,0.0,3.0,11.0,16.0,4.0,2.0,5.0,0.0,0.0,5.0
325,10711,77.0,4,2,69755.0,0.0,0.0,0,1.0,3.0,6.0,12.0,2.0,894.0,0.0,3.0,11.0,894.0,217.0,77.0,373.0,111.0,23.0,93.0
326,5120,40.0,5,4,66664.0,0.0,0.0,0,1.0,5.0,7.0,6.0,6.0,1289.0,0.0,3.0,11.0,1289.0,398.0,96.0,447.0,220.0,96.0,32.0
327,6694,58.0,4,2,75236.0,0.0,1.0,0,1.0,8.0,3.0,13.0,8.0,1068.0,0.0,3.0,11.0,1068.0,438.0,66.0,400.0,12.0,38.0,114.0
328,10350,72.0,4,5,54432.0,2.0,1.0,0,1.0,1.0,0.0,3.0,8.0,38.0,0.0,3.0,11.0,38.0,33.0,0.0,5.0,0.0,0.0,0.0
329,7094,52.0,6,2,58330.0,0.0,1.0,0,1.0,6.0,4.0,13.0,8.0,1064.0,0.0,3.0,11.0,1064.0,445.0,53.0,213.0,104.0,98.0,151.0
330,4472,52.0,3,5,35682.0,1.0,0.0,0,1.0,1.0,1.0,3.0,4.0,57.0,0.0,3.0,11.0,57.0,23.0,0.0,8.0,6.0,2.0,18.0
331,2181,52.0,4,2,70617.0,0.0,0.0,0,1.0,3.0,3.0,7.0,4.0,1280.0,0.0,3.0,11.0,1280.0,353.0,61.0,753.0,40.0,46.0,27.0
332,4345,58.0,2,4,43050.0,1.0,1.0,0,1.0,1.0,0.0,2.0,14.0,21.0,0.0,3.0,11.0,21.0,5.0,1.0,9.0,2.0,0.0,4.0
333,10814,75.0,5,2,70321.0,0.0,0.0,0,1.0,6.0,5.0,13.0,8.0,1376.0,0.0,3.0,11.0,1376.0,303.0,23.0,751.0,82.0,26.0,191.0
334,10277,61.0,2,2,30081.0,0.0,0.0,0,1.0,1.0,0.0,3.0,14.0,42.0,0.0,3.0,11.0,42.0,36.0,0.0,2.0,0.0,0.0,4.0
335,3363,48.0,4,4,20130.0,0.0,0.0,0,1.0,1.0,0.0,3.0,16.0,34.0,0.0,3.0,11.0,34.0,0.0,6.0,3.0,7.0,6.0,12.0
336,10398,41.0,2,4,24336.0,1.0,0.0,0,1.0,1.0,0.0,2.0,14.0,31.0,0.0,3.0,11.0,31.0,1.0,6.0,2.0,8.0,2.0,12.0
337,4702,58.0,2,2,61839.0,0.0,0.0,0,1.0,4.0,8.0,4.0,16.0,1895.0,0.0,3.0,11.0,1895.0,1000.0,155.0,379.0,224.0,17.0,120.0
338,1685,55.0,5,5,62981.0,0.0,0.0,1,1.0,4.0,5.0,13.0,6.0,1482.0,0.0,3.0,11.0,1482.0,796.0,14.0,590.0,38.0,44.0,0.0
339,8373,43.0,5,1,24594.0,1.0,0.0,0,1.0,1.0,0.0,3.0,10.0,29.0,0.0,3.0,11.0,29.0,1.0,3.0,6.0,10.0,0.0,9.0
340,6203,75.0,5,2,74485.0,0.0,0.0,0,1.0,6.0,7.0,12.0,6.0,1734.0,0.0,3.0,11.0,1734.0,499.0,149.0,815.0,173.0,49.0,49.0
341,1619,66.0,4,2,90369.0,0.0,0.0,0,1.0,4.0,6.0,6.0,2.0,1588.0,0.0,3.0,11.0,1588.0,292.0,51.0,981.0,224.0,23.0,17.0
342,2173,70.0,6,2,40049.0,0.0,1.0,0,1.0,1.0,0.0,3.0,12.0,32.0,0.0,3.0,11.0,32.0,13.0,6.0,7.0,0.0,3.0,3.0
343,1172,39.0,4,5,92491.0,0.0,0.0,1,1.0,7.0,5.0,12.0,6.0,2034.0,0.0,3.0,11.0,2034.0,979.0,44.0,935.0,29.0,25.0,22.0
344,1743,48.0,2,2,69719.0,0.0,0.0,0,1.0,2.0,3.0,5.0,2.0,801.0,0.0,3.0,11.0,801.0,273.0,86.0,208.0,177.0,14.0,43.0
345,983,38.0,4,2,40059.0,1.0,0.0,1,1.0,6.0,2.0,3.0,16.0,414.0,0.0,3.0,11.0,414.0,110.0,29.0,92.0,28.0,10.0,145.0
346,10573,69.0,4,2,62551.0,0.0,0.0,1,1.0,6.0,7.0,4.0,6.0,421.0,0.0,3.0,11.0,421.0,125.0,16.0,98.0,134.0,21.0,27.0
347,10505,62.0,5,3,73113.0,0.0,0.0,0,1.0,3.0,4.0,7.0,4.0,1001.0,0.0,3.0,11.0,1001.0,741.0,19.0,154.0,50.0,9.0,28.0
348,6218,57.0,4,2,59594.0,0.0,1.0,1,1.0,8.0,1.0,7.0,14.0,499.0,0.0,3.0,11.0,499.0,457.0,4.0,29.0,0.0,0.0,9.0
349,6147,51.0,3,2,25818.0,1.0,0.0,0,1.0,0.0,1.0,2.0,14.0,28.0,0.0,3.0,11.0,28.0,5.0,2.0,8.0,2.0,2.0,9.0
350,10738,71.0,2,3,49389.0,1.0,1.0,0,1.0,2.0,0.0,3.0,14.0,65.0,0.0,3.0,11.0,65.0,40.0,0.0,19.0,2.0,1.0,3.0
351,8614,65.0,6,2,65486.0,0.0,1.0,0,1.0,4.0,2.0,10.0,4.0,507.0,0.0,3.0,11.0,507.0,245.0,19.0,125.0,37.0,67.0,14.0
352,6019,51.0,4,5,37126.0,1.0,0.0,1,1.0,1.0,2.0,2.0,12.0,72.0,0.0,3.0,11.0,72.0,45.0,3.0,9.0,4.0,4.0,7.0
353,2004,53.0,2,2,72679.0,0.0,1.0,0,1.0,4.0,7.0,5.0,2.0,1168.0,0.0,3.0,11.0,1168.0,619.0,54.0,260.0,127.0,54.0,54.0
354,2217,47.0,4,4,37284.0,1.0,1.0,0,1.0,0.0,0.0,3.0,12.0,23.0,0.0,3.0,11.0,23.0,11.0,1.0,2.0,2.0,1.0,6.0
356,8029,34.0,2,3,90247.0,0.0,0.0,1,1.0,3.0,4.0,7.0,2.0,1621.0,0.0,3.0,11.0,1621.0,1184.0,32.0,352.0,21.0,16.0,16.0
357,10067,46.0,5,4,25176.0,1.0,1.0,0,1.0,1.0,0.0,2.0,14.0,13.0,0.0,3.0,11.0,13.0,4.0,0.0,4.0,0.0,0.0,5.0
358,10341,74.0,5,2,51315.0,0.0,0.0,0,1.0,2.0,2.0,5.0,4.0,222.0,0.0,3.0,11.0,222.0,68.0,28.0,39.0,16.0,30.0,41.0
359,2495,48.0,4,3,83891.0,0.0,1.0,0,1.0,4.0,7.0,10.0,2.0,816.0,0.0,3.0,11.0,816.0,217.0,38.0,350.0,111.0,85.0,15.0
360,10172,34.0,2,2,68655.0,0.0,0.0,0,1.0,4.0,5.0,11.0,6.0,1538.0,0.0,3.0,11.0,1538.0,456.0,19.0,832.0,75.0,118.0,38.0
361,3690,36.0,4,3,80141.0,0.0,0.0,1,1.0,7.0,4.0,10.0,12.0,2091.0,0.0,3.0,11.0,2091.0,1184.0,102.0,673.0,52.0,40.0,40.0
362,8537,73.0,6,2,72643.0,0.0,0.0,1,1.0,3.0,10.0,7.0,4.0,1429.0,0.0,3.0,11.0,1429.0,526.0,80.0,553.0,123.0,94.0,53.0
363,10767,33.0,5,5,77845.0,0.0,0.0,1,1.0,3.0,5.0,12.0,2.0,1346.0,0.0,3.0,11.0,1346.0,760.0,40.0,480.0,0.0,40.0,26.0
364,8955,65.0,5,5,40451.0,0.0,2.0,1,1.0,1.0,1.0,2.0,10.0,49.0,0.0,3.0,11.0,49.0,35.0,0.0,4.0,0.0,0.0,10.0
365,3967,51.0,4,5,78931.0,0.0,0.0,0,1.0,2.0,8.0,13.0,2.0,943.0,0.0,3.0,11.0,943.0,331.0,197.0,170.0,58.0,152.0,35.0
366,241,70.0,5,2,83844.0,0.0,0.0,1,1.0,4.0,4.0,11.0,2.0,1574.0,0.0,3.0,11.0,1574.0,901.0,31.0,345.0,75.0,31.0,191.0
367,4543,42.0,4,2,82497.0,0.0,0.0,1,1.0,2.0,7.0,9.0,8.0,1919.0,0.0,3.0,11.0,1919.0,777.0,129.0,573.0,216.0,21.0,203.0
368,10486,74.0,4,2,77142.0,0.0,0.0,0,1.0,4.0,4.0,8.0,4.0,990.0,0.0,3.0,11.0,990.0,476.0,75.0,162.0,29.0,151.0,97.0
369,1064,51.0,4,5,42403.0,1.0,0.0,0,1.0,1.0,0.0,3.0,16.0,42.0,0.0,3.0,11.0,42.0,22.0,1.0,11.0,0.0,5.0,3.0
370,7279,53.0,5,5,69476.0,0.0,0.0,0,1.0,4.0,6.0,4.0,4.0,1044.0,0.0,3.0,11.0,1044.0,260.0,86.0,559.0,63.0,9.0,67.0
371,4122,47.0,4,2,79205.0,0.0,0.0,1,1.0,6.0,5.0,4.0,8.0,895.0,0.0,3.0,11.0,895.0,504.0,23.0,117.0,179.0,28.0,44.0
372,626,71.0,4,2,32871.0,1.0,1.0,0,1.0,1.0,0.0,3.0,8.0,43.0,0.0,3.0,11.0,43.0,22.0,2.0,12.0,0.0,2.0,5.0
373,10394,38.0,4,2,90000.0,0.0,0.0,1,1.0,4.0,8.0,5.0,2.0,1479.0,0.0,3.0,11.0,1479.0,675.0,144.0,133.0,94.0,192.0,241.0
374,5830,50.0,2,5,86857.0,0.0,0.0,0,1.0,5.0,6.0,10.0,4.0,2114.0,0.0,3.0,11.0,2114.0,899.0,102.0,838.0,133.0,102.0,40.0
375,313,52.0,6,2,73455.0,0.0,0.0,1,1.0,6.0,5.0,10.0,6.0,2088.0,0.0,3.0,11.0,2088.0,901.0,61.0,757.0,186.0,163.0,20.0
376,9274,61.0,4,3,80950.0,0.0,0.0,1,1.0,6.0,7.0,9.0,4.0,1213.0,0.0,3.0,11.0,1213.0,525.0,147.0,112.0,219.0,147.0,63.0
377,8737,44.0,3,2,55563.0,0.0,1.0,0,1.0,2.0,0.0,3.0,6.0,43.0,0.0,3.0,11.0,43.0,29.0,1.0,9.0,2.0,0.0,2.0
378,10972,52.0,6,2,72298.0,0.0,0.0,1,1.0,4.0,3.0,6.0,2.0,939.0,0.0,3.0,11.0,939.0,625.0,35.0,169.0,58.0,17.0,35.0
379,8204,51.0,4,4,78041.0,0.0,0.0,0,1.0,4.0,4.0,9.0,4.0,1319.0,0.0,3.0,11.0,1319.0,482.0,35.0,553.0,72.0,160.0,17.0
380,9449,64.0,2,5,79761.0,0.0,1.0,0,1.0,5.0,2.0,11.0,6.0,605.0,0.0,3.0,11.0,605.0,415.0,5.0,124.0,15.0,35.0,11.0
381,49,52.0,2,2,20587.0,1.0,0.0,0,1.0,1.0,1.0,2.0,14.0,25.0,0.0,3.0,11.0,25.0,2.0,3.0,6.0,4.0,1.0,9.0
382,11178,50.0,2,3,54730.0,1.0,0.0,0,1.0,1.0,0.0,3.0,14.0,32.0,0.0,3.0,11.0,32.0,15.0,2.0,10.0,0.0,1.0,4.0
383,6260,67.0,5,3,82384.0,0.0,0.0,1,1.0,3.0,10.0,13.0,2.0,1957.0,0.0,3.0,11.0,1957.0,984.0,51.0,432.0,180.0,120.0,190.0
384,10212,36.0,5,3,42386.0,1.0,0.0,0,1.0,3.0,0.0,3.0,16.0,100.0,0.0,3.0,11.0,100.0,65.0,4.0,16.0,0.0,4.0,11.0
386,10304,63.0,4,2,54450.0,0.0,0.0,0,1.0,1.0,1.0,2.0,16.0,60.0,0.0,3.0,11.0,60.0,6.0,1.0,7.0,23.0,4.0,19.0
387,2874,34.0,3,4,35388.0,1.0,0.0,0,1.0,1.0,0.0,3.0,14.0,32.0,0.0,3.0,11.0,32.0,6.0,4.0,7.0,4.0,3.0,8.0
388,10913,38.0,2,3,31385.0,1.0,0.0,1,1.0,1.0,0.0,2.0,16.0,27.0,0.0,3.0,11.0,27.0,3.0,2.0,12.0,0.0,1.0,9.0
389,7725,57.0,4,4,76800.0,0.0,0.0,0,1.0,4.0,4.0,7.0,2.0,641.0,0.0,3.0,11.0,641.0,173.0,26.0,255.0,35.0,71.0,81.0
390,4351,67.0,3,2,37244.0,1.0,1.0,1,1.0,1.0,1.0,2.0,14.0,55.0,0.0,3.0,11.0,55.0,18.0,2.0,10.0,0.0,0.0,25.0
391,11086,38.0,2,1,25707.0,1.0,0.0,0,1.0,1.0,0.0,3.0,14.0,21.0,0.0,3.0,11.0,21.0,1.0,6.0,2.0,3.0,6.0,3.0
392,1940,36.0,4,2,25252.0,1.0,0.0,0,1.0,1.0,0.0,2.0,16.0,18.0,0.0,3.0,11.0,18.0,1.0,3.0,4.0,2.0,2.0,6.0
393,4320,43.0,2,2,60152.0,0.0,1.0,0,1.0,6.0,4.0,12.0,6.0,943.0,0.0,3.0,11.0,943.0,325.0,83.0,300.0,86.0,58.0,91.0
394,6271,70.0,4,5,50870.0,0.0,1.0,0,1.0,2.0,0.0,3.0,10.0,63.0,0.0,3.0,11.0,63.0,53.0,0.0,8.0,0.0,0.0,2.0
395,3009,60.0,6,5,71670.0,0.0,0.0,1,1.0,5.0,3.0,6.0,12.0,1766.0,0.0,3.0,11.0,1766.0,1462.0,16.0,128.0,0.0,0.0,160.0
396,2569,35.0,4,2,17323.0,0.0,0.0,0,1.0,1.0,0.0,3.0,16.0,46.0,0.0,3.0,11.0,46.0,3.0,14.0,17.0,6.0,1.0,5.0
397,5029,76.0,4,2,18100.0,0.0,0.0,0,1.0,0.0,0.0,3.0,10.0,14.0,0.0,3.0,11.0,14.0,3.0,1.0,2.0,4.0,3.0,1.0
398,6963,75.0,2,2,77457.0,0.0,0.0,1,1.0,2.0,5.0,10.0,2.0,1157.0,0.0,3.0,11.0,1157.0,675.0,11.0,400.0,15.0,45.0,11.0
399,11101,31.0,5,2,89891.0,0.0,0.0,1,1.0,11.0,6.0,8.0,8.0,836.0,0.0,3.0,11.0,836.0,412.0,22.0,132.0,59.0,28.0,183.0
400,4607,63.0,5,2,71367.0,0.0,0.0,0,1.0,4.0,5.0,7.0,4.0,777.0,0.0,3.0,11.0,777.0,227.0,23.0,389.0,42.0,21.0,75.0
401,10241,47.0,3,4,11448.0,0.0,0.0,0,1.0,1.0,0.0,2.0,12.0,14.0,0.0,3.0,11.0,14.0,0.0,0.0,0.0,6.0,2.0,6.0
402,4310,78.0,4,2,80589.0,0.0,0.0,1,1.0,5.0,10.0,5.0,2.0,1428.0,0.0,3.0,11.0,1428.0,507.0,93.0,520.0,242.0,40.0,26.0
403,6184,53.0,4,5,68462.0,0.0,0.0,0,1.0,3.0,3.0,8.0,2.0,1670.0,0.0,3.0,11.0,1670.0,561.0,64.0,785.0,84.0,128.0,48.0
404,1077,48.0,5,2,56715.0,0.0,0.0,0,1.0,7.0,3.0,4.0,8.0,1020.0,0.0,3.0,11.0,1020.0,258.0,105.0,239.0,237.0,172.0,9.0
405,9347,66.0,5,3,50943.0,0.0,1.0,0,1.0,1.0,0.0,3.0,10.0,46.0,0.0,3.0,11.0,46.0,31.0,0.0,7.0,2.0,0.0,6.0
406,3969,48.0,5,3,43018.0,0.0,1.0,0,1.0,2.0,2.0,2.0,10.0,133.0,0.0,3.0,11.0,133.0,35.0,4.0,17.0,7.0,6.0,64.0
407,7832,63.0,4,3,77520.0,0.0,1.0,1,1.0,8.0,7.0,7.0,8.0,1526.0,0.0,3.0,11.0,1526.0,940.0,44.0,396.0,0.0,88.0,58.0
408,7264,44.0,2,4,52195.0,2.0,1.0,0,1.0,1.0,0.0,2.0,16.0,17.0,0.0,3.0,11.0,17.0,12.0,0.0,4.0,0.0,0.0,1.0
409,1553,76.0,5,2,82657.0,0.0,0.0,1,1.0,7.0,5.0,10.0,8.0,2283.0,0.0,3.0,11.0,2283.0,966.0,168.0,672.0,246.0,105.0,126.0
410,4552,31.0,4,2,51373.0,0.0,0.0,0,1.0,3.0,5.0,3.0,8.0,393.0,0.0,3.0,11.0,393.0,83.0,2.0,101.0,64.0,26.0,117.0
411,2727,49.0,5,2,57100.0,0.0,0.0,0,1.0,3.0,3.0,6.0,6.0,409.0,0.0,3.0,11.0,409.0,181.0,21.0,69.0,39.0,3.0,96.0
412,2147,53.0,5,2,76653.0,0.0,0.0,1,1.0,4.0,7.0,11.0,4.0,2279.0,0.0,3.0,11.0,2279.0,736.0,63.0,946.0,219.0,189.0,126.0
413,8755,76.0,4,3,68657.0,0.0,0.0,0,1.0,3.0,5.0,9.0,14.0,1196.0,0.0,3.0,11.0,1196.0,482.0,34.0,471.0,119.0,68.0,22.0
414,2724,41.0,2,3,36143.0,1.0,0.0,0,1.0,0.0,1.0,2.0,6.0,19.0,0.0,3.0,11.0,19.0,12.0,0.0,1.0,0.0,0.0,6.0
415,7396,56.0,4,2,80398.0,0.0,0.0,1,1.0,5.0,8.0,12.0,6.0,1597.0,0.0,3.0,11.0,1597.0,342.0,51.0,936.0,207.0,35.0,26.0
416,10095,47.0,4,5,74165.0,0.0,0.0,0,1.0,5.0,4.0,10.0,4.0,1293.0,0.0,3.0,11.0,1293.0,1001.0,12.0,240.0,16.0,12.0,12.0
417,4947,56.0,2,4,89572.0,0.0,0.0,1,1.0,7.0,7.0,9.0,8.0,2059.0,0.0,3.0,11.0,2059.0,606.0,24.0,974.0,197.0,194.0,64.0
418,5049,48.0,5,5,30351.0,1.0,0.0,0,1.0,3.0,0.0,2.0,18.0,46.0,0.0,3.0,11.0,46.0,14.0,0.0,24.0,3.0,3.0,2.0
419,5602,33.0,5,5,66973.0,0.0,0.0,0,1.0,8.0,7.0,12.0,6.0,1282.0,0.0,3.0,11.0,1282.0,466.0,22.0,432.0,147.0,113.0,102.0
420,3698,39.0,5,2,78687.0,0.0,0.0,1,1.0,4.0,6.0,8.0,4.0,2130.0,0.0,3.0,11.0,2130.0,817.0,185.0,687.0,145.0,55.0,241.0
421,1459,56.0,4,5,69063.0,0.0,1.0,0,1.0,5.0,3.0,5.0,6.0,928.0,0.0,3.0,11.0,928.0,666.0,35.0,124.0,69.0,8.0,26.0
422,10446,65.0,4,5,82017.0,0.0,0.0,1,1.0,5.0,4.0,7.0,4.0,729.0,0.0,3.0,11.0,729.0,184.0,23.0,446.0,30.0,23.0,23.0
423,8663,48.0,3,2,39996.0,1.0,1.0,0,1.0,1.0,0.0,2.0,12.0,15.0,0.0,3.0,11.0,15.0,11.0,0.0,3.0,0.0,0.0,1.0
424,1891,42.0,3,3,78789.0,0.0,0.0,0,1.0,4.0,6.0,5.0,4.0,1754.0,0.0,3.0,11.0,1754.0,667.0,50.0,850.0,21.0,83.0,83.0
425,4910,55.0,3,2,68743.0,0.0,0.0,0,1.0,11.0,5.0,13.0,14.0,2074.0,0.0,3.0,11.0,2074.0,1132.0,134.0,384.0,175.0,134.0,115.0
426,2066,73.0,5,2,38823.0,0.0,1.0,0,1.0,2.0,1.0,3.0,12.0,114.0,0.0,3.0,11.0,114.0,70.0,0.0,11.0,2.0,8.0,23.0
427,3525,52.0,5,2,38200.0,1.0,1.0,0,1.0,1.0,0.0,2.0,14.0,17.0,0.0,3.0,11.0,17.0,12.0,0.0,4.0,0.0,0.0,1.0
428,5396,34.0,4,2,68487.0,0.0,0.0,0,1.0,9.0,7.0,13.0,8.0,1366.0,0.0,3.0,11.0,1366.0,758.0,12.0,385.0,33.0,89.0,89.0
429,10314,74.0,4,5,83837.0,0.0,0.0,1,1.0,9.0,10.0,5.0,8.0,1318.0,0.0,3.0,11.0,1318.0,847.0,66.0,119.0,86.0,89.0,111.0
430,8427,66.0,2,3,64857.0,0.0,0.0,0,1.0,7.0,5.0,10.0,8.0,1540.0,0.0,3.0,11.0,1540.0,556.0,14.0,717.0,210.0,0.0,43.0
431,10037,29.0,2,2,74293.0,0.0,0.0,0,1.0,5.0,4.0,6.0,0.0,1127.0,0.0,3.0,11.0,1127.0,375.0,152.0,335.0,93.0,91.0,81.0
432,9239,61.0,4,3,61923.0,0.0,2.0,0,1.0,2.0,1.0,4.0,6.0,126.0,0.0,3.0,11.0,126.0,92.0,4.0,18.0,3.0,3.0,6.0
433,2565,67.0,3,3,70638.0,0.0,0.0,1,1.0,4.0,5.0,10.0,6.0,1334.0,0.0,3.0,11.0,1334.0,1016.0,12.0,215.0,16.0,12.0,63.0
434,1029,52.0,5,5,64413.0,0.0,1.0,0,1.0,5.0,1.0,5.0,10.0,279.0,0.0,3.0,11.0,279.0,200.0,5.0,44.0,0.0,10.0,20.0
435,9888,53.0,5,2,68695.0,0.0,0.0,0,1.0,4.0,4.0,7.0,4.0,1091.0,0.0,3.0,11.0,1091.0,458.0,81.0,356.0,106.0,50.0,40.0
436,4102,47.0,4,4,37284.0,1.0,1.0,0,1.0,0.0,0.0,3.0,12.0,23.0,0.0,3.0,11.0,23.0,11.0,1.0,2.0,2.0,1.0,6.0
437,9400,64.0,2,4,85485.0,0.0,0.0,0,1.0,6.0,6.0,6.0,4.0,1383.0,0.0,3.0,11.0,1383.0,630.0,26.0,611.0,44.0,18.0,54.0
438,10219,50.0,5,2,54450.0,1.0,0.0,0,1.0,1.0,0.0,3.0,16.0,38.0,0.0,3.0,11.0,38.0,6.0,2.0,15.0,6.0,6.0,3.0
439,5423,39.0,5,2,28359.0,1.0,0.0,0,1.0,1.0,0.0,2.0,14.0,16.0,0.0,3.0,11.0,16.0,6.0,0.0,5.0,2.0,1.0,2.0
440,9958,50.0,4,2,65685.0,0.0,1.0,0,1.0,9.0,2.0,9.0,10.0,769.0,0.0,3.0,11.0,769.0,642.0,14.0,49.0,0.0,7.0,57.0
441,819,77.0,6,2,63285.0,0.0,0.0,0,1.0,6.0,5.0,13.0,6.0,1103.0,0.0,3.0,11.0,1103.0,508.0,124.0,249.0,50.0,38.0,134.0
442,9286,62.0,5,3,83151.0,0.0,0.0,0,1.0,5.0,9.0,4.0,6.0,747.0,0.0,3.0,11.0,747.0,407.0,28.0,100.0,120.0,74.0,18.0
443,7042,39.0,4,2,36790.0,0.0,0.0,0,1.0,2.0,1.0,2.0,18.0,66.0,0.0,3.0,11.0,66.0,3.0,3.0,14.0,15.0,21.0,10.0
444,2295,68.0,4,5,62670.0,0.0,1.0,0,1.0,5.0,3.0,13.0,6.0,825.0,0.0,3.0,11.0,825.0,539.0,30.0,92.0,80.0,46.0,38.0
445,7679,37.0,2,5,30298.0,0.0,0.0,0,1.0,1.0,1.0,3.0,6.0,28.0,0.0,3.0,11.0,28.0,6.0,3.0,12.0,6.0,1.0,0.0
446,6543,77.0,5,3,62847.0,0.0,0.0,0,1.0,3.0,6.0,4.0,4.0,1612.0,0.0,3.0,11.0,1612.0,521.0,168.0,706.0,80.0,76.0,61.0
447,6958,45.0,4,3,27889.0,1.0,0.0,0,1.0,1.0,1.0,2.0,12.0,26.0,0.0,3.0,11.0,26.0,14.0,0.0,4.0,0.0,0.0,8.0
448,6173,43.0,5,2,77298.0,0.0,1.0,0,1.0,6.0,6.0,11.0,6.0,969.0,0.0,3.0,11.0,969.0,425.0,115.0,292.0,23.0,35.0,79.0
449,2730,67.0,2,2,80317.0,0.0,0.0,0,1.0,3.0,4.0,10.0,2.0,1231.0,0.0,3.0,11.0,1231.0,536.0,11.0,387.0,149.0,91.0,57.0
450,7631,44.0,5,3,61346.0,1.0,0.0,0,1.0,5.0,7.0,10.0,6.0,989.0,0.0,3.0,11.0,989.0,562.0,58.0,168.0,43.0,16.0,142.0
451,3535,57.0,2,2,66294.0,0.0,0.0,0,1.0,4.0,3.0,5.0,4.0,967.0,0.0,3.0,11.0,967.0,251.0,108.0,334.0,65.0,92.0,117.0
452,1876,32.0,4,2,18929.0,0.0,0.0,0,1.0,1.0,0.0,4.0,12.0,85.0,0.0,3.0,11.0,85.0,32.0,0.0,8.0,23.0,4.0,18.0
453,10381,43.0,2,2,47691.0,0.0,1.0,0,1.0,1.0,0.0,2.0,12.0,21.0,0.0,3.0,11.0,21.0,14.0,0.0,3.0,0.0,0.0,4.0
454,291,52.0,4,2,72940.0,0.0,0.0,0,1.0,3.0,3.0,6.0,2.0,981.0,0.0,3.0,11.0,981.0,182.0,74.0,298.0,162.0,149.0,116.0
455,9738,36.0,5,3,42386.0,1.0,0.0,0,1.0,3.0,0.0,3.0,16.0,100.0,0.0,3.0,11.0,100.0,65.0,4.0,16.0,0.0,4.0,11.0
456,590,52.0,3,3,78579.0,0.0,0.0,0,1.0,5.0,6.0,4.0,6.0,1812.0,0.0,3.0,11.0,1812.0,816.0,66.0,549.0,216.0,66.0,99.0
457,1878,37.0,4,4,23148.0,0.0,0.0,0,1.0,2.0,0.0,3.0,14.0,37.0,0.0,3.0,11.0,37.0,4.0,6.0,8.0,6.0,3.0,10.0
458,4394,57.0,4,5,81051.0,0.0,0.0,1,1.0,5.0,5.0,12.0,4.0,1501.0,0.0,3.0,11.0,1501.0,1142.0,29.0,249.0,38.0,29.0,14.0
459,6292,36.0,4,5,82333.0,0.0,0.0,1,1.0,4.0,3.0,10.0,4.0,1822.0,0.0,3.0,11.0,1822.0,1311.0,0.0,359.0,46.0,89.0,17.0
460,199,60.0,2,3,45183.0,0.0,0.0,1,1.0,4.0,1.0,7.0,14.0,315.0,0.0,3.0,11.0,315.0,219.0,3.0,60.0,12.0,9.0,12.0
461,10489,49.0,4,2,92955.0,0.0,0.0,1,1.0,6.0,7.0,9.0,4.0,1778.0,0.0,3.0,11.0,1778.0,693.0,21.0,925.0,31.0,24.0,84.0
462,3266,58.0,4,2,42523.0,0.0,0.0,0,1.0,1.0,1.0,4.0,4.0,125.0,0.0,3.0,11.0,125.0,14.0,36.0,11.0,3.0,26.0,35.0
463,1672,48.0,5,5,65640.0,0.0,1.0,0,1.0,5.0,1.0,8.0,4.0,461.0,0.0,3.0,11.0,461.0,204.0,7.0,149.0,20.0,15.0,66.0
464,2008,44.0,4,2,77583.0,0.0,0.0,1,1.0,4.0,5.0,9.0,4.0,1149.0,0.0,3.0,11.0,1149.0,372.0,23.0,384.0,250.0,12.0,108.0
465,4487,53.0,2,3,39858.0,1.0,0.0,0,1.0,2.0,0.0,4.0,12.0,95.0,0.0,3.0,11.0,95.0,15.0,20.0,25.0,2.0,7.0,26.0
466,4376,62.0,2,4,32218.0,0.0,0.0,1,1.0,2.0,1.0,3.0,14.0,93.0,0.0,3.0,11.0,93.0,10.0,24.0,15.0,13.0,1.0,30.0
467,6663,82.0,2,5,51141.0,0.0,0.0,0,1.0,3.0,1.0,4.0,10.0,157.0,0.0,3.0,11.0,157.0,144.0,0.0,7.0,0.0,0.0,6.0
468,4808,66.0,4,2,15759.0,0.0,0.0,0,1.0,1.0,0.0,2.0,14.0,17.0,0.0,3.0,11.0,17.0,1.0,2.0,5.0,6.0,0.0,3.0
469,6347,43.0,2,1,15862.0,1.0,0.0,0,1.0,1.0,0.0,3.0,16.0,36.0,0.0,3.0,11.0,36.0,1.0,1.0,4.0,11.0,9.0,10.0
470,9349,37.0,4,2,92533.0,0.0,0.0,1,1.0,6.0,5.0,11.0,4.0,1131.0,0.0,3.0,11.0,1131.0,693.0,21.0,118.0,110.0,147.0,42.0
471,641,55.0,2,2,52074.0,0.0,1.0,1,1.0,2.0,2.0,2.0,8.0,119.0,0.0,3.0,11.0,119.0,59.0,0.0,12.0,0.0,0.0,48.0
472,1968,51.0,6,2,45684.0,1.0,0.0,0,1.0,1.0,0.0,2.0,14.0,28.0,0.0,3.0,11.0,28.0,5.0,1.0,5.0,10.0,0.0,7.0
473,6518,71.0,6,5,67680.0,0.0,1.0,0,1.0,7.0,3.0,8.0,10.0,606.0,0.0,3.0,11.0,606.0,546.0,0.0,48.0,0.0,6.0,6.0
474,4550,56.0,5,3,33564.0,0.0,1.0,0,1.0,1.0,1.0,3.0,10.0,71.0,0.0,3.0,11.0,71.0,61.0,0.0,3.0,0.0,0.0,7.0
475,10129,56.0,5,2,82427.0,0.0,0.0,1,1.0,3.0,5.0,12.0,2.0,1456.0,0.0,3.0,11.0,1456.0,482.0,147.0,509.0,104.0,107.0,107.0
476,2669,29.0,2,2,74293.0,0.0,0.0,0,1.0,5.0,4.0,6.0,0.0,1127.0,0.0,3.0,11.0,1127.0,375.0,152.0,335.0,93.0,91.0,81.0
477,902,42.0,5,2,62994.0,1.0,0.0,0,1.0,6.0,2.0,4.0,12.0,312.0,0.0,3.0,11.0,312.0,224.0,12.0,48.0,4.0,12.0,12.0
478,2546,45.0,2,4,31878.0,0.0,1.0,0,1.0,1.0,0.0,4.0,6.0,70.0,0.0,3.0,11.0,70.0,23.0,4.0,5.0,10.0,5.0,23.0
479,4754,56.0,4,3,33585.0,0.0,1.0,0,1.0,2.0,0.0,4.0,8.0,122.0,0.0,3.0,11.0,122.0,30.0,11.0,33.0,13.0,6.0,29.0
480,5080,29.0,2,2,70515.0,0.0,0.0,0,1.0,6.0,6.0,4.0,0.0,1258.0,0.0,3.0,11.0,1258.0,420.0,0.0,452.0,182.0,64.0,140.0
481,4548,41.0,2,2,41967.0,1.0,1.0,0,1.0,1.0,0.0,3.0,8.0,54.0,0.0,3.0,11.0,54.0,23.0,4.0,10.0,0.0,2.0,15.0
482,9081,34.0,2,2,20518.0,1.0,0.0,0,1.0,1.0,1.0,2.0,10.0,25.0,0.0,3.0,11.0,25.0,4.0,1.0,6.0,4.0,1.0,9.0
483,4964,64.0,5,5,74250.0,0.0,0.0,0,1.0,2.0,11.0,4.0,2.0,1158.0,0.0,3.0,11.0,1158.0,680.0,11.0,392.0,75.0,0.0,0.0
484,10356,65.0,3,5,41437.0,1.0,1.0,0,1.0,1.0,0.0,3.0,14.0,32.0,0.0,3.0,11.0,32.0,29.0,0.0,2.0,0.0,0.0,1.0
485,5232,57.0,4,2,69139.0,0.0,1.0,0,1.0,4.0,1.0,5.0,8.0,227.0,0.0,3.0,11.0,227.0,86.0,12.0,75.0,33.0,15.0,6.0
486,10562,76.0,4,3,66835.0,0.0,0.0,0,1.0,6.0,4.0,13.0,4.0,1033.0,0.0,3.0,11.0,1033.0,620.0,26.0,195.0,34.0,17.0,141.0
487,1008,41.0,5,5,44953.0,0.0,0.0,1,1.0,7.0,3.0,13.0,12.0,1021.0,0.0,3.0,11.0,1021.0,728.0,17.0,133.0,11.0,8.0,124.0
488,4368,42.0,4,2,47850.0,1.0,0.0,0,1.0,3.0,0.0,4.0,12.0,134.0,0.0,3.0,11.0,134.0,42.0,7.0,43.0,20.0,12.0,10.0
489,9360,40.0,4,2,37040.0,0.0,0.0,0,1.0,4.0,2.0,5.0,16.0,316.0,0.0,3.0,11.0,316.0,86.0,2.0,73.0,69.0,38.0,48.0
490,2315,62.0,3,2,54450.0,0.0,1.0,0,1.0,1.0,2.0,2.0,8.0,96.0,0.0,3.0,11.0,96.0,10.0,0.0,11.0,17.0,29.0,29.0
491,4073,68.0,4,4,63564.0,0.0,0.0,1,1.0,10.0,10.0,7.0,12.0,1215.0,0.0,3.0,11.0,1215.0,769.0,80.0,252.0,15.0,34.0,65.0
492,3074,38.0,4,5,70643.0,0.0,0.0,0,1.0,5.0,8.0,4.0,12.0,1828.0,0.0,3.0,11.0,1828.0,1218.0,107.0,304.0,23.0,143.0,33.0
493,8286,57.0,5,5,51717.0,0.0,1.0,1,1.0,3.0,0.0,4.0,14.0,122.0,0.0,3.0,11.0,122.0,98.0,1.0,17.0,0.0,1.0,5.0
494,6961,48.0,4,2,26751.0,2.0,0.0,0,1.0,1.0,0.0,2.0,16.0,11.0,0.0,3.0,11.0,11.0,1.0,1.0,5.0,0.0,3.0,1.0
495,6605,78.0,3,5,55614.0,0.0,0.0,1,1.0,9.0,4.0,6.0,14.0,682.0,0.0,3.0,11.0,682.0,504.0,13.0,131.0,8.0,0.0,26.0
496,6086,67.0,4,2,80395.0,0.0,0.0,1,1.0,6.0,5.0,12.0,4.0,1380.0,0.0,3.0,11.0,1380.0,445.0,25.0,706.0,80.0,76.0,48.0
497,6349,35.0,3,3,61787.0,0.0,0.0,0,1.0,8.0,4.0,6.0,10.0,1319.0,0.0,3.0,11.0,1319.0,621.0,73.0,414.0,78.0,48.0,85.0
498,3139,40.0,2,4,74116.0,0.0,0.0,1,1.0,4.0,4.0,10.0,4.0,2052.0,0.0,3.0,11.0,2052.0,871.0,111.0,704.0,145.0,55.0,166.0
499,361,53.0,4,3,43142.0,1.0,1.0,0,1.0,1.0,0.0,2.0,14.0,20.0,0.0,3.0,11.0,20.0,5.0,1.0,7.0,2.0,1.0,4.0
500,3503,72.0,3,2,82460.0,0.0,0.0,0,1.0,5.0,3.0,6.0,2.0,974.0,0.0,3.0,11.0,974.0,255.0,47.0,573.0,52.0,32.0,15.0
501,5961,44.0,4,2,42693.0,1.0,0.0,0,1.0,1.0,0.0,3.0,10.0,57.0,0.0,3.0,11.0,57.0,8.0,4.0,20.0,6.0,3.0,16.0
502,10735,51.0,2,2,22804.0,1.0,0.0,0,1.0,2.0,0.0,2.0,18.0,26.0,0.0,3.0,11.0,26.0,14.0,1.0,7.0,2.0,1.0,1.0
503,6945,70.0,2,2,84574.0,0.0,0.0,0,1.0,9.0,11.0,11.0,10.0,1375.0,0.0,3.0,11.0,1375.0,387.0,20.0,713.0,38.0,54.0,163.0
504,5278,58.0,4,2,82224.0,0.0,0.0,1,1.0,6.0,9.0,5.0,6.0,902.0,0.0,3.0,11.0,902.0,307.0,26.0,360.0,138.0,31.0,40.0
505,7214,65.0,4,2,62187.0,0.0,0.0,0,1.0,4.0,8.0,5.0,6.0,1283.0,0.0,3.0,11.0,1283.0,792.0,0.0,275.0,45.0,45.0,126.0
506,8545,68.0,3,2,85683.0,0.0,0.0,1,1.0,2.0,4.0,10.0,2.0,1789.0,0.0,3.0,11.0,1789.0,1296.0,17.0,311.0,45.0,69.0,51.0
507,4990,68.0,4,2,59111.0,0.0,0.0,0,1.0,11.0,1.0,8.0,14.0,869.0,0.0,3.0,11.0,869.0,524.0,0.0,134.0,28.0,28.0,155.0
508,6825,69.0,5,2,41452.0,1.0,1.0,0,1.0,1.0,0.0,2.0,14.0,16.0,0.0,3.0,11.0,16.0,13.0,0.0,3.0,0.0,0.0,0.0
509,999,31.0,2,2,86037.0,0.0,0.0,1,1.0,6.0,7.0,11.0,6.0,730.0,0.0,3.0,11.0,730.0,490.0,44.0,125.0,29.0,20.0,22.0
510,10595,32.0,4,2,30093.0,0.0,0.0,0,1.0,2.0,0.0,3.0,14.0,69.0,0.0,3.0,11.0,69.0,2.0,6.0,28.0,13.0,4.0,16.0
511,2426,58.0,3,5,78825.0,0.0,0.0,0,1.0,5.0,10.0,13.0,6.0,895.0,0.0,3.0,11.0,895.0,483.0,74.0,114.0,169.0,37.0,18.0
512,3667,53.0,4,2,80952.0,0.0,0.0,1,1.0,8.0,5.0,11.0,16.0,1757.0,0.0,3.0,11.0,1757.0,778.0,178.0,689.0,41.0,27.0,44.0
513,6422,68.0,4,2,86718.0,0.0,0.0,0,1.0,5.0,6.0,5.0,4.0,1270.0,0.0,3.0,11.0,1270.0,344.0,189.0,482.0,50.0,33.0,172.0
514,5184,27.0,2,2,34824.0,0.0,0.0,0,1.0,1.0,0.0,2.0,0.0,23.0,0.0,3.0,11.0,23.0,4.0,2.0,11.0,2.0,0.0,4.0
515,3102,41.0,5,4,19414.0,1.0,0.0,0,1.0,1.0,0.0,3.0,16.0,32.0,0.0,3.0,11.0,32.0,2.0,3.0,12.0,3.0,5.0,7.0
516,7428,47.0,5,2,80144.0,0.0,0.0,0,1.0,3.0,7.0,8.0,2.0,1367.0,0.0,3.0,11.0,1367.0,240.0,132.0,445.0,250.0,192.0,108.0
517,1524,39.0,2,4,81698.0,0.0,0.0,1,1.0,8.0,2.0,5.0,10.0,1104.0,0.0,3.0,11.0,1104.0,709.0,45.0,115.0,30.0,160.0,45.0
518,1399,64.0,4,2,72905.0,0.0,0.0,1,1.0,3.0,7.0,9.0,2.0,1515.0,0.0,3.0,11.0,1515.0,407.0,114.0,445.0,181.0,165.0,203.0
519,5286,35.0,2,3,41020.0,0.0,0.0,0,1.0,3.0,2.0,4.0,6.0,217.0,0.0,3.0,11.0,217.0,112.0,1.0,54.0,7.0,7.0,36.0
520,5824,50.0,5,5,34578.0,2.0,1.0,0,1.0,1.0,0.0,2.0,12.0,8.0,0.0,3.0,11.0,8.0,7.0,0.0,1.0,0.0,0.0,0.0
521,4791,42.0,5,2,44964.0,1.0,1.0,0,1.0,1.0,0.0,3.0,16.0,41.0,0.0,3.0,11.0,41.0,19.0,1.0,17.0,2.0,0.0,2.0
522,3262,64.0,2,2,68281.0,0.0,0.0,0,1.0,2.0,9.0,13.0,10.0,1655.0,0.0,3.0,11.0,1655.0,995.0,112.0,417.0,42.0,48.0,41.0
523,4220,52.0,4,5,59892.0,0.0,1.0,0,1.0,2.0,1.0,3.0,6.0,87.0,0.0,3.0,11.0,87.0,73.0,0.0,13.0,0.0,1.0,0.0
524,3867,75.0,5,5,73059.0,0.0,1.0,0,1.0,9.0,3.0,13.0,8.0,1095.0,0.0,3.0,11.0,1095.0,410.0,112.0,420.0,0.0,82.0,71.0
525,4944,63.0,5,2,71367.0,0.0,0.0,0,1.0,4.0,5.0,7.0,4.0,777.0,0.0,3.0,11.0,777.0,227.0,23.0,389.0,42.0,21.0,75.0
526,7002,67.0,2,2,62535.0,0.0,1.0,0,1.0,3.0,2.0,8.0,6.0,398.0,0.0,3.0,11.0,398.0,163.0,48.0,90.0,0.0,45.0,52.0
527,1232,40.0,5,5,70038.0,0.0,0.0,0,1.0,4.0,4.0,8.0,4.0,1244.0,0.0,3.0,11.0,1244.0,587.0,54.0,348.0,71.0,54.0,130.0
528,2478,49.0,4,2,25410.0,1.0,0.0,0,1.0,1.0,0.0,4.0,8.0,38.0,0.0,3.0,11.0,38.0,2.0,2.0,4.0,13.0,13.0,4.0
529,3254,51.0,4,2,70886.0,1.0,0.0,0,1.0,5.0,4.0,4.0,4.0,960.0,0.0,3.0,11.0,960.0,407.0,70.0,239.0,103.0,88.0,53.0
530,10742,39.0,4,5,86580.0,0.0,0.0,1,0.0,4.0,2.0,5.0,2.0,746.0,0.0,3.0,11.0,746.0,532.0,21.0,127.0,26.0,20.0,20.0
531,5336,51.0,5,3,157733.0,1.0,0.0,0,0.0,1.0,0.0,1.0,2.0,59.0,0.0,3.0,11.0,59.0,39.0,1.0,9.0,2.0,0.0,8.0
532,3520,32.0,2,3,91172.0,0.0,0.0,1,0.0,4.0,3.0,7.0,6.0,1092.0,0.0,3.0,11.0,1092.0,162.0,28.0,818.0,0.0,28.0,56.0
533,3955,57.0,3,2,4861.0,0.0,0.0,0,0.0,0.0,0.0,0.0,28.0,6.0,0.0,3.0,11.0,6.0,2.0,1.0,1.0,1.0,0.0,1.0
534,10133,52.0,2,2,93790.0,0.0,0.0,1,0.0,6.0,7.0,12.0,4.0,2349.0,0.0,3.0,11.0,2349.0,1302.0,68.0,731.0,89.0,114.0,45.0
535,8318,43.0,5,2,90300.0,0.0,0.0,1,0.0,5.0,6.0,8.0,2.0,1738.0,0.0,3.0,11.0,1738.0,594.0,134.0,786.0,33.0,134.0,57.0
536,4686,60.0,6,5,82571.0,0.0,0.0,1,0.0,6.0,5.0,13.0,4.0,1686.0,0.0,3.0,11.0,1686.0,861.0,31.0,558.0,62.0,95.0,79.0
537,4248,62.0,2,3,98777.0,0.0,0.0,1,0.0,4.0,6.0,9.0,2.0,2008.0,0.0,3.0,11.0,2008.0,1000.0,19.0,711.0,125.0,115.0,38.0
538,5832,62.0,5,4,92556.0,0.0,0.0,0,0.0,3.0,5.0,13.0,0.0,1263.0,0.0,3.0,11.0,1263.0,493.0,183.0,352.0,184.0,23.0,28.0
539,3910,47.0,3,2,83829.0,0.0,0.0,1,0.0,4.0,7.0,6.0,2.0,1862.0,0.0,3.0,11.0,1862.0,897.0,161.0,430.0,186.0,161.0,27.0
540,5538,47.0,3,2,83829.0,0.0,0.0,1,0.0,4.0,7.0,6.0,2.0,1862.0,0.0,3.0,11.0,1862.0,897.0,161.0,430.0,186.0,161.0,27.0
541,6303,36.0,5,5,91820.0,0.0,0.0,0,0.0,5.0,5.0,12.0,2.0,1497.0,0.0,3.0,11.0,1497.0,410.0,73.0,747.0,76.0,161.0,30.0
542,8720,44.0,5,4,43050.0,0.0,0.0,1,0.0,0.0,0.0,1.0,0.0,1679.0,0.0,3.0,11.0,1679.0,32.0,2.0,1607.0,12.0,4.0,22.0
543,4611,52.0,5,2,105471.0,0.0,0.0,1,0.0,9.0,8.0,13.0,6.0,1724.0,0.0,3.0,11.0,1724.0,1009.0,181.0,104.0,202.0,21.0,207.0
544,1592,52.0,4,2,90765.0,0.0,0.0,1,0.0,4.0,6.0,5.0,2.0,912.0,0.0,3.0,11.0,912.0,547.0,99.0,0.0,151.0,82.0,33.0
545,6742,43.0,4,2,17688.0,1.0,0.0,0,2.0,1.0,0.0,2.0,16.0,11.0,1.0,3.0,11.0,11.0,2.0,2.0,1.0,3.0,1.0,2.0
546,2928,47.0,2,5,52614.0,0.0,1.0,0,2.0,2.0,4.0,8.0,16.0,990.0,0.0,3.0,11.0,990.0,789.0,0.0,142.0,12.0,9.0,38.0
547,123,71.0,6,2,67046.0,0.0,1.0,0,2.0,4.0,5.0,4.0,4.0,993.0,0.0,3.0,11.0,993.0,544.0,35.0,133.0,23.0,151.0,107.0
548,1509,64.0,5,5,84460.0,0.0,0.0,1,2.0,9.0,9.0,4.0,10.0,523.0,0.0,3.0,11.0,523.0,152.0,27.0,103.0,106.0,54.0,81.0
549,6798,56.0,2,2,37070.0,1.0,1.0,0,2.0,5.0,1.0,8.0,14.0,433.0,0.0,3.0,11.0,433.0,231.0,7.0,137.0,4.0,15.0,39.0
550,945,57.0,5,2,36317.0,0.0,1.0,0,2.0,3.0,0.0,4.0,14.0,133.0,0.0,3.0,11.0,133.0,87.0,3.0,25.0,3.0,2.0,13.0
551,375,68.0,3,2,76773.0,0.0,0.0,0,2.0,2.0,2.0,11.0,2.0,1156.0,0.0,3.0,11.0,1156.0,516.0,56.0,449.0,86.0,33.0,16.0
553,7281,63.0,2,5,55212.0,0.0,0.0,0,2.0,1.0,3.0,4.0,2.0,186.0,0.0,3.0,11.0,186.0,81.0,11.0,50.0,3.0,2.0,39.0
554,1407,36.0,4,1,20425.0,1.0,0.0,0,2.0,2.0,0.0,3.0,7.0,57.0,0.0,3.0,11.0,57.0,4.0,12.0,5.0,3.0,16.0,17.0
555,10676,40.0,4,2,63211.0,0.0,0.0,0,2.0,3.0,8.0,7.0,2.0,1173.0,0.0,3.0,11.0,1173.0,145.0,193.0,459.0,205.0,26.0,145.0
556,5596,66.0,5,4,58821.0,0.0,1.0,0,2.0,9.0,2.0,9.0,6.0,728.0,0.0,3.0,11.0,728.0,513.0,14.0,154.0,19.0,0.0,28.0
557,5394,43.0,2,1,16014.0,1.0,1.0,0,2.0,1.0,1.0,4.0,3.0,38.0,0.0,3.0,11.0,38.0,3.0,9.0,4.0,7.0,8.0,7.0
558,9283,44.0,2,2,60199.0,1.0,2.0,0,2.0,0.0,0.0,3.0,4.0,18.0,0.0,3.0,11.0,18.0,8.0,1.0,7.0,2.0,0.0,0.0
